id,sku,name,collection,category_id,sub_category,manufacturer_id,display_order,featured,is_active,catalog_visible,available_online,quote_only,price,msrp,category_name,manufacturer_name
2293,845CAM,The Greenwich,,38,Market,28,0,False,True,True,True,False,1030.00,1030.00,Umbrellas,Frankford Umbrellas
2294,845FM,The Monterey Pulley Lift,,38,Market,28,0,False,True,True,True,False,566.00,566.00,Umbrellas,Frankford Umbrellas
2295,845FMC,The Monterey Crank Lift Non-Tilting,,38,Market,28,0,False,True,True,True,False,607.00,607.00,Umbrellas,Frankford Umbrellas
2296,845FMA,The Monterey Crank Lift Auto-Tilting,,38,Market,28,0,False,True,True,True,False,657.00,657.00,Umbrellas,Frankford Umbrellas
2297,880CAM,The Giant Greenwich,,38,Market,28,0,False,True,True,True,False,1875.00,1875.00,Umbrellas,Frankford Umbrellas
2298,880FM,The Giant Monterey,,38,Market,28,0,False,True,True,True,False,1682.00,1682.00,Umbrellas,Frankford Umbrellas
2299,868ARU,The Aurora Aluminum,,38,Cantilever,28,0,True,True,True,True,False,3851.00,3851.00,Umbrellas,Frankford Umbrellas
2300,868ECU,The Eclipse,,38,Cantilever,28,0,False,True,True,True,False,6040.00,6040.00,Umbrellas,Frankford Umbrellas
2301,844FA-01,The Catalina,,38,Market,28,0,True,True,True,True,False,456.00,456.00,Umbrellas,Frankford Umbrellas
2302,845A,The Laurel,,38,Market,28,0,False,True,True,True,False,373.00,373.00,Umbrellas,Frankford Umbrellas
3375,727,Deluxe Auto Tilt 7.5',,38,Market,29,0,False,True,True,True,False,640.00,640.00,Umbrellas,Galtech International
3376,737,Deluxe Auto Tilt Umbrella 9',,38,Market,29,0,False,True,True,True,False,815.00,815.00,Umbrellas,Galtech International
3377,779,Deluxe Auto Tilt Oval Umbrella 8'x11',,38,Market,29,0,False,True,True,True,False,1250.00,1250.00,Umbrellas,Galtech International
3378,789,Deluxe Auto Tilt Umbrella 11',,38,Market,29,0,False,True,True,True,False,1085.00,1085.00,Umbrellas,Galtech International
3379,799,Deluxe Auto Tilt Umbrella 10'x10',,38,Market,29,0,False,True,True,True,False,1440.00,1440.00,Umbrellas,Galtech International
3380,636,Manual Tilt Umbrella 9',,38,Market,29,0,False,True,True,True,False,480.00,480.00,Umbrellas,Galtech International
3381,736,Standard Auto Tilt Umbrella 9',,38,Market,29,0,False,True,True,True,False,620.00,620.00,Umbrellas,Galtech International
3382,936,Auto Tilt with LED Lights Umbrella 9',,38,Market,29,0,False,True,True,True,False,785.00,785.00,Umbrellas,Galtech International
3383,986,Auto Tilt with LED Lights Umbrella 11',,38,Market,29,0,False,True,True,True,False,1130.00,1130.00,Umbrellas,Galtech International
3384,722,Deluxe Commercial Use 7.5',,38,Commercial,29,0,False,True,True,True,False,830.00,830.00,Umbrellas,Galtech International
3385,762,Deluxe Commercial Use Square Umbrella 6'x6',,38,Commercial,29,0,False,True,True,True,False,900.00,900.00,Umbrellas,Galtech International
3386,732,Deluxe Commercial Use Umbrella 9',,38,Commercial,29,0,False,True,True,True,False,975.00,975.00,Umbrellas,Galtech International
3387,781,Deluxe Commercial Use Flat Profile Umbrella 11',,38,Commercial,29,0,False,True,True,True,False,1305.00,1305.00,Umbrellas,Galtech International
3388,782,Deluxe Commercial Use Square Umbrella 8'x8',,38,Commercial,29,0,False,True,True,True,False,1125.00,1125.00,Umbrellas,Galtech International
3389,791,Deluxe Commercial Use Umbrella 13',,38,Commercial,29,0,False,True,True,True,False,1935.00,1935.00,Umbrellas,Galtech International
3390,792,Deluxe Commercial Use Umbrella 10'x10',,38,Commercial,29,0,False,True,True,True,False,1380.00,1380.00,Umbrellas,Galtech International
3391,715,Commercial Use Umbrella 6',,38,Commercial,29,0,False,True,True,True,False,635.00,635.00,Umbrellas,Galtech International
3392,725,Commercial Use 7.5',,38,Commercial,29,0,False,True,True,True,False,595.00,595.00,Umbrellas,Galtech International
3393,735,Commercial Use Umbrella 9',,38,Commercial,29,0,False,True,True,True,False,715.00,715.00,Umbrellas,Galtech International
3394,772,Half Wall 3.5x7',,38,Commercial,29,0,False,True,True,True,False,725.00,725.00,Umbrellas,Galtech International
3395,121,Cafe Wood 7.5',,38,Market,29,0,False,True,True,True,False,550.00,550.00,Umbrellas,Galtech International
3396,131,All Purpose Wood Umbrella 9',,38,Market,29,0,False,True,True,True,False,610.00,610.00,Umbrellas,Galtech International
3397,132,Double Pulley Wood Umbrella 9',,38,Market,29,0,False,True,True,True,False,650.00,650.00,Umbrellas,Galtech International
3398,136,Commercial Wood Umbrella 9',,38,Market,29,0,False,True,True,True,False,765.00,765.00,Umbrellas,Galtech International
3399,183,Quad Pulley Wood Umbrella 11',,38,Market,29,0,False,True,True,True,False,1050.00,1050.00,Umbrellas,Galtech International
3400,887,Cantilever Umbrella 11',,38,Cantilever,29,0,False,True,True,True,False,2950.00,2950.00,Umbrellas,Galtech International
3401,899,Cantilever Umbrella 13',,38,Cantilever,29,0,False,True,True,True,False,4310.00,4310.00,Umbrellas,Galtech International
3402,897,Cantilever Umbrella 10'x10',,38,Cantilever,29,0,False,True,True,True,False,3390.00,3390.00,Umbrellas,Galtech International
3403,532TK,Designer Teak Umbrella 9',,38,Market,29,0,False,True,True,True,False,1240.00,1240.00,Umbrellas,Galtech International
3404,537TK,Rotational Tilt Teak Umbrella 9',,38,Market,29,0,False,True,True,True,False,1270.00,1270.00,Umbrellas,Galtech International
3405,587TK,Crank Lift Teak Umbrella 11',,38,Market,29,0,False,True,True,True,False,1560.00,1560.00,Umbrellas,Galtech International
3502,TC-commercial-market-um-7-1-2-powdercoat-aluminum,Powdercoat Aluminum Umbrella,7 1 2 Powdercoat Aluminum Umbrella Commercial Market Umbrellas,38,,23,0,False,True,True,False,True,,,Umbrellas,Telescope Casual
3503,TC-commercial-market-um-9-powdercoat-aluminum-umb,Powdercoat Aluminum Umbrella,9 Powdercoat Aluminum Umbrella Commercial Market Umbrellas,38,,23,0,False,True,True,False,True,,,Umbrellas,Telescope Casual
3899,TC-umbrella-bases-16-weighted-base-w-handle,Weighted Base w/ Handle,16 Weighted Base W Handle Umbrella Bases,38,,23,0,False,True,True,False,True,,,Umbrellas,Telescope Casual
3900,TC-umbrella-bases-21-round-weighted-base-w-,Round Weighted Base w/ Wheels,21 Round Weighted Base W Wheels Umbrella Bases,38,,23,0,False,True,True,False,True,,,Umbrellas,Telescope Casual
3901,TC-umbrella-bases-24-round-weighted-base-w-,Round Weighted Base w/ Wheels,24 Round Weighted Base W Wheels Umbrella Bases,38,,23,0,False,True,True,False,True,,,Umbrellas,Telescope Casual
3902,TC-umbrella-bases-24-square-steel-umbrella-,Square Steel Umbrella Base,24 Square Steel Umbrella Base Umbrella Bases,38,,23,0,False,True,True,False,True,,,Umbrellas,Telescope Casual
3903,TC-umbrella-bases-silver-pole-extension,Silver Pole Extension,Silver Pole Extension Umbrella Bases,38,,23,0,False,True,True,False,True,,,Umbrellas,Telescope Casual
3904,TC-value-market-umbrell-7-1-2-powdercoat-aluminum,Powdercoat Aluminum Frame w/ Autotilt,7 1 2 Powdercoat Aluminum Frame W Autotilt Value Market Umbrellas,38,,23,0,False,True,True,False,True,,,Umbrellas,Telescope Casual
3905,TC-value-market-umbrell-9-powdercoat-aluminum-fra,Powdercoat Aluminum Frame w/ Autotilt,9 Powdercoat Aluminum Frame W Autotilt Value Market Umbrellas,38,,23,0,False,True,True,False,True,,,Umbrellas,Telescope Casual
4842,AKZP13LX,STARLUX AKZ PLUS 13',,38,Cantilever,12,0,False,True,True,True,False,2805.00,2805.00,Umbrellas,Treasure Garden
4843,AKZPRTLX,STARLUX AKZ PLUS 10'x13',,38,Cantilever,12,1,False,True,True,True,False,2800.00,2800.00,Umbrellas,Treasure Garden
4844,AKZP13,AKZ PLUS 13',,38,Cantilever,12,2,False,True,True,True,False,2410.00,2410.00,Umbrellas,Treasure Garden
4845,AKZPRT,AKZ PLUS 10'x13',,38,Cantilever,12,3,False,True,True,True,False,2400.00,2400.00,Umbrellas,Treasure Garden
4846,AKZPSQ11,AKZ PLUS 11.5',,38,Cantilever,12,4,True,True,True,True,False,2380.00,2380.00,Umbrellas,Treasure Garden
4847,AKZP,AKZ PLUS 11',,38,Cantilever,12,5,False,True,True,True,False,2235.00,2235.00,Umbrellas,Treasure Garden
4848,AG25TR,AG25T 11.5',,38,Cantilever,12,6,False,True,True,True,False,1835.00,1835.00,Umbrellas,Treasure Garden
4849,AG25TSQR,AG25TSQ 10',,38,Cantilever,12,7,False,True,True,True,False,1770.00,1770.00,Umbrellas,Treasure Garden
4850,AG25TR10,AG25T 10',,38,Cantilever,12,8,False,True,True,True,False,1720.00,1720.00,Umbrellas,Treasure Garden
4851,ET3RT,EASY TRACK® 10'x13',,38,Specialty,12,9,False,True,True,True,False,1520.00,1520.00,Umbrellas,Treasure Garden
4852,ET310,Easy Track®,,38,Specialty,12,10,False,True,True,True,False,1020.00,1020.00,Umbrellas,Treasure Garden
4853,USA45-09,SHANGHAI COLLAR TILT 10',,38,Specialty,12,11,False,True,True,True,False,890.00,890.00,Umbrellas,Treasure Garden
4854,UM851,TWIST 11',,38,Market,12,12,False,True,True,True,False,980.00,980.00,Umbrellas,Treasure Garden
4855,UM850,TWIST 9',,38,Market,12,13,False,True,True,True,False,690.00,690.00,Umbrellas,Treasure Garden
4856,UM800LX,STARLUX COLLAR TILT 9',,38,Market,12,14,False,True,True,True,False,1065.00,1065.00,Umbrellas,Treasure Garden
4857,UM801,COLLAR TILT 11',,38,Market,12,15,False,True,True,True,False,890.00,890.00,Umbrellas,Treasure Garden
4858,UM800,COLLAR TILT 9',,38,Market,12,16,False,True,True,True,False,590.00,590.00,Umbrellas,Treasure Garden
4859,UM841,FLEX 11',,38,Market,12,17,False,True,True,True,False,770.00,770.00,Umbrellas,Treasure Garden
4860,UM840,FLEX 9',,38,Market,12,18,False,True,True,True,False,520.00,520.00,Umbrellas,Treasure Garden
4861,UM847SQ,FLEX 7.5',,38,Market,12,19,False,True,True,True,False,480.00,480.00,Umbrellas,Treasure Garden
4862,UM812,AUTO TILT 11',,38,Market,12,20,False,True,True,True,False,750.00,750.00,Umbrellas,Treasure Garden
4863,UM810,AUTO TILT 9',,38,Market,12,21,False,True,True,True,False,500.00,500.00,Umbrellas,Treasure Garden
4864,UM8810RT,AUTO TILT 8'x10',,38,Market,12,22,False,True,True,True,False,715.00,715.00,Umbrellas,Treasure Garden
4865,UM970,GLIDE TILT 9',,38,Market,12,23,False,True,True,True,False,415.00,415.00,Umbrellas,Treasure Garden
4866,UM977,GLIDE TILT 7.5',,38,Market,12,24,False,True,True,True,False,380.00,380.00,Umbrellas,Treasure Garden
4867,UM920,PUSH BUTTON TILT 9',,38,Market,12,25,False,True,True,True,False,390.00,390.00,Umbrellas,Treasure Garden
4868,UM907,PUSH BUTTON TILT 7.5',,38,Market,12,26,False,True,True,True,False,335.00,335.00,Umbrellas,Treasure Garden
4869,UM809-1H,QUAD PULLEY LIFT 9',,38,Market,12,27,False,True,True,True,False,405.00,405.00,Umbrellas,Treasure Garden
5127,FC101,Oakwood Beach Lounger,,38,Beach,28,0,False,True,True,True,False,398.00,398.00,Umbrellas,Frankford Umbrellas
5128,FC101-NF,Oakwood Beach Lounger (No Foot Rest),,38,Beach,28,0,False,True,True,True,False,366.00,366.00,Umbrellas,Frankford Umbrellas
5129,FC-TBL,Oak Wood Folding Table,,38,Beach,28,0,False,True,True,True,False,181.00,181.00,Umbrellas,Frankford Umbrellas
5133,CB87,CB87 Clam Shell Beach Cabana,,38,Beach,28,0,False,True,True,True,False,1227.00,1227.00,Umbrellas,Frankford Umbrellas
5553,896NGU,The Nova,,38,Market,28,0,False,True,True,True,False,7310.00,7310.00,Umbrellas,Frankford Umbrellas
5555,844FWB-01,The Avalon,,38,Beach,28,0,False,True,True,True,False,445.00,445.00,Umbrellas,Frankford Umbrellas
5556,845W,The Emerald Coast,,38,Beach,28,0,False,True,True,True,False,381.00,381.00,Umbrellas,Frankford Umbrellas
5557,883MLA-SQ,Marella Resort Cabana,,38,Cabana,28,0,False,True,True,True,False,8650.00,8650.00,Umbrellas,Frankford Umbrellas
5561,868ARU-F,The Aurora Fiberglass,,38,Cantilever,28,0,False,True,True,True,False,3680.00,3680.00,Umbrellas,Frankford Umbrellas
5614,BH-CHAIR,Beach Haven Folding Beach Chair,,38,Beach,28,0,False,True,True,True,False,230.00,230.00,Umbrellas,Frankford Umbrellas
5615,BH-UMBRELLA,Beach Haven Folding Beach Umbrella,,38,Beach,28,0,False,True,True,True,False,186.00,186.00,Umbrellas,Frankford Umbrellas
5616,639SS,Shade Star Beach Umbrella,,38,Beach,28,0,False,True,True,True,False,270.00,270.00,Umbrellas,Frankford Umbrellas
4870,BA150,Commercial,,39,,12,28,False,True,True,True,False,785.00,785.00,Umbrella Bases,Treasure Garden
4871,BSK120,Steel (with casters),,39,,12,29,False,True,True,True,False,660.00,660.00,Umbrella Bases,Treasure Garden
4872,BTT100,Athens,,39,,12,30,False,True,True,True,False,870.00,870.00,Umbrella Bases,Treasure Garden
4873,BRW100,Aurora,,39,,12,31,False,True,True,True,False,655.00,655.00,Umbrella Bases,Treasure Garden
4874,BKM100,Monaco Round,,39,,12,32,False,True,True,True,False,620.00,620.00,Umbrella Bases,Treasure Garden
4875,BKMSQ100,Monaco Square,,39,,12,33,False,True,True,True,False,620.00,620.00,Umbrella Bases,Treasure Garden
4876,BG50,Garden,,39,,12,34,False,True,True,True,False,310.00,310.00,Umbrella Bases,Treasure Garden
4877,BA50,Art Deco,,39,,12,35,False,True,True,True,False,300.00,300.00,Umbrella Bases,Treasure Garden
4878,BW50,Classic,,39,,12,36,False,True,True,True,False,190.00,190.00,Umbrella Bases,Treasure Garden
4879,BS359,Steel,,39,,12,37,False,True,True,True,False,160.00,160.00,Umbrella Bases,Treasure Garden
4880,BW30,Add-On Weight,,39,,12,38,False,True,True,True,False,105.00,105.00,Umbrella Bases,Treasure Garden
4881,BS70-2.0,Steel,,39,,12,39,False,True,True,True,False,355.00,355.00,Umbrella Bases,Treasure Garden
4882,ZBWH-SM,Add-On Wheels,,39,,12,40,False,True,True,True,False,50.00,50.00,Umbrella Bases,Treasure Garden
4883,BASE-13R-_,AKZ13 Rolling Base,,39,Cantilever,12,41,False,True,True,True,False,1380.00,1380.00,Umbrella Bases,Treasure Garden
4884,ZB115,Z-Plate,,39,,12,42,False,True,True,True,False,735.00,735.00,Umbrella Bases,Treasure Garden
4885,BASE-13-_,AKZ13 Base,,39,Cantilever,12,43,False,True,True,True,False,600.00,600.00,Umbrella Bases,Treasure Garden
4886,BASE-AKZ-_,AKZ Base,,39,Cantilever,12,44,False,True,True,True,False,325.00,325.00,Umbrella Bases,Treasure Garden
4944,040ED,European Cast Iron Base - 40 lb,,39,,29,0,False,True,True,True,False,400.00,400.00,Umbrella Bases,Galtech International
4945,075ED,European Cast Iron Base - 75 lb,,39,,29,0,False,True,True,True,False,600.00,600.00,Umbrella Bases,Galtech International
4946,BSTUBE15,"Base Tube 1.5"" dia, 12"" height",,39,,29,0,False,True,True,True,False,80.00,80.00,Umbrella Bases,Galtech International
4947,040SQBK,Steel Plate Base - 40 lb (772 only),,39,,29,0,False,True,True,True,False,400.00,400.00,Umbrella Bases,Galtech International
4948,060SQ,Steel Plate Base - 60 lb,,39,,29,0,False,True,True,True,False,600.00,600.00,Umbrella Bases,Galtech International
4949,085SQ,Steel Plate Base - 85 lb,,39,,29,0,False,True,True,True,False,800.00,800.00,Umbrella Bases,Galtech International
4950,095SQ,Wheels Base - 95 lb,,39,,29,0,False,True,True,True,False,1000.00,1000.00,Umbrella Bases,Galtech International
4951,120SQ,Heavy Weight Base - 120 lb,,39,,29,0,False,True,True,True,False,1100.00,1100.00,Umbrella Bases,Galtech International
4952,170SQ,Heavy Weight Base - 170 lb,,39,,29,0,False,True,True,True,False,1500.00,1500.00,Umbrella Bases,Galtech International
4953,BSTUBE-SQ-12,"Premium Base Tube 12.5""",,39,,29,0,False,True,True,True,False,80.00,80.00,Umbrella Bases,Galtech International
4954,BSTUBE-SQ-24,"Premium Base Tube 24""",,39,,29,0,False,True,True,True,False,90.00,90.00,Umbrella Bases,Galtech International
5072,100A,Premium Aluminum Shell Wheel Base 100 lbs,,39,Market,28,0,False,True,True,True,False,590.00,590.00,Umbrella Bases,Frankford Umbrellas
5073,100S,Steel Plate Base 100 lbs,,39,Market,28,0,False,True,True,True,False,640.00,640.00,Umbrella Bases,Frankford Umbrellas
5074,150A,Premium Aluminum Shell Wheel Base 150 lbs,,39,Market,28,0,False,True,True,True,False,970.00,970.00,Umbrella Bases,Frankford Umbrellas
5075,23,Resin Coated Concrete Base 80 lbs,,39,,28,0,False,True,True,True,False,234.00,234.00,Umbrella Bases,Frankford Umbrellas
5076,24G-SQ,Square Galvanized Steel Base 100 lbs,,39,Market,28,0,False,True,True,True,False,780.00,780.00,Umbrella Bases,Frankford Umbrellas
5077,30G,Round Galvanized Steel Base 100 lbs,,39,Market,28,0,False,True,True,True,False,860.00,860.00,Umbrella Bases,Frankford Umbrellas
5078,36G,Round Galvanized Steel Base 150 lbs,,39,Market,28,0,False,True,True,True,False,1160.00,1160.00,Umbrella Bases,Frankford Umbrellas
5079,36G-SQ,Square Galvanized Steel Base 200 lbs,,39,Market,28,0,False,True,True,True,False,1430.00,1430.00,Umbrella Bases,Frankford Umbrellas
5080,40G,Round Galvanized Steel Base 185 lbs,,39,Market,28,0,False,True,True,True,False,1430.00,1430.00,Umbrella Bases,Frankford Umbrellas
5081,480,Galvanized Wheel Base w/ Aluminum Cover,,39,Market,28,0,False,True,True,True,False,1380.00,1380.00,Umbrella Bases,Frankford Umbrellas
5082,75S,Steel Plate Base 75 lbs,,39,Market,28,0,False,True,True,True,False,414.00,414.00,Umbrella Bases,Frankford Umbrellas
5083,20G-SQ,Square Galvanized Steel Base 70 lbs,,39,,28,0,False,True,True,True,False,680.00,680.00,Umbrella Bases,Frankford Umbrellas
5084,24G,Round Galvanized Steel Base 70 lbs,,39,,28,0,False,True,True,True,False,680.00,680.00,Umbrella Bases,Frankford Umbrellas
5085,50C,Resin Coated Concrete Base 50 lbs,,39,,28,0,False,True,True,True,False,108.00,108.00,Umbrella Bases,Frankford Umbrellas
5086,50S,Steel Plate Base 50 lbs,,39,,28,0,False,True,True,True,False,300.00,300.00,Umbrella Bases,Frankford Umbrellas
5087,18ST,"Stainless Steel Stem (1.5"" x 18"")",,39,,28,0,False,True,True,True,False,174.00,174.00,Umbrella Bases,Frankford Umbrellas
5088,8ST,"Stainless Steel Stem (1.5"" x 8"")",,39,,28,0,False,True,True,True,False,142.00,142.00,Umbrella Bases,Frankford Umbrellas
5089,18ST2,"Stainless Steel Stem (2.0"" x 18"")",,39,Market,28,0,False,True,True,True,False,216.00,216.00,Umbrella Bases,Frankford Umbrellas
5090,+W,Castor Locking Wheels (Set of 4),,39,,28,0,False,True,True,True,False,280.00,280.00,Umbrella Bases,Frankford Umbrellas
5091,36G-SQx2,Square Galvanized Steel Base and Base Stacks 400 lbs,,39,Cantilever,28,0,False,True,True,True,False,2540.00,2540.00,Umbrella Bases,Frankford Umbrellas
5092,36G-SQx3,Square Galvanized Steel Base and Base Stacks 600 lbs,,39,Cantilever,28,0,False,True,True,True,False,3810.00,3810.00,Umbrella Bases,Frankford Umbrellas
5094,40G+36G,Round Galvanized Steel Base Stacks Combo (Base & 2 Stacking Plates),,39,Cantilever,28,0,False,True,True,True,False,2270.00,2270.00,Umbrella Bases,Frankford Umbrellas
5095,40Gx2,Round Galvanized Steel Base Stacks 370 lbs,,39,Cantilever,28,0,False,True,True,True,False,2540.00,2540.00,Umbrella Bases,Frankford Umbrellas
5096,40Gx3,Round Galvanized Steel Base Stacks 555 lbs,,39,Cantilever,28,0,False,True,True,True,False,3810.00,3810.00,Umbrella Bases,Frankford Umbrellas
5097,40Gx4,Round Galvanized Steel Base Stacks 740 lbs,,39,Cantilever,28,0,False,True,True,True,False,5080.00,5080.00,Umbrella Bases,Frankford Umbrellas
5100,DP-SM/BK,Surface Mount Deck Plate,,39,Cantilever,28,0,False,True,True,True,False,230.00,230.00,Umbrella Bases,Frankford Umbrellas
5101,DP-SS,Stainless Steel Surface Mount Deck Plate,,39,Cantilever,28,0,False,True,True,True,False,510.00,510.00,Umbrella Bases,Frankford Umbrellas
5102,SS-DB (4),Stainless Steel Countersunk Concrete Wedge Anchors (4),,39,,28,0,False,True,True,True,False,64.00,64.00,Umbrella Bases,Frankford Umbrellas
5103,150A+18ST2,Premium Aluminum Shell Wheel Combo (150 lb Base & Stem),,39,Market,28,0,False,True,True,True,False,970.00,970.00,Umbrella Bases,Frankford Umbrellas
5104,36G+18ST2,Round Galvanized Steel Base Stacks Combo (150 lb Base & Stem),,39,Market,28,0,False,True,True,True,False,1160.00,1160.00,Umbrella Bases,Frankford Umbrellas
5105,36G-SQ+18ST2,Square Galvanized Steel Base and Base Stacks Combo (200 lb Base & Stem),,39,Market,28,0,False,True,True,True,False,1430.00,1430.00,Umbrella Bases,Frankford Umbrellas
5106,40G+18ST2,Round Galvanized Steel Base Stacks Combo (185 lb Base & Stem),,39,Market,28,0,False,True,True,True,False,1430.00,1430.00,Umbrella Bases,Frankford Umbrellas
5107,480+18ST2,Model 480 Wheel Base Combo (Base & Stem),,39,Market,28,0,False,True,True,True,False,1380.00,1380.00,Umbrella Bases,Frankford Umbrellas
5108,NGU-DP,Galvanized Steel Surface Mount Deck Plate,,39,Market,28,0,False,True,True,True,False,280.00,280.00,Umbrella Bases,Frankford Umbrellas
5109,NGU550,Galvanized Steel Max Base,,39,,28,0,False,True,True,True,False,2540.00,2540.00,Umbrella Bases,Frankford Umbrellas
5111,BZ2-SM,"Bazooka In-Ground Anchored Stem (2"")",,39,Market,28,0,False,True,True,True,False,484.00,484.00,Umbrella Bases,Frankford Umbrellas
5112,BZ2-SS,Stainless Steel Bazooka Stem Upgrade,,39,,28,0,False,True,True,True,False,112.00,112.00,Umbrella Bases,Frankford Umbrellas
5113,CMLK-SM,Camlock Surface Mounted Stem,,39,,28,0,False,True,True,True,False,306.00,306.00,Umbrella Bases,Frankford Umbrellas
5114,DP-ST,Stainless Steel Stem Surface Mount,,39,Market,28,0,False,True,True,True,False,160.00,160.00,Umbrella Bases,Frankford Umbrellas
5116,IG-ST,Stainless Steel Stem In-Ground Mount,,39,,28,0,False,True,True,True,False,205.00,205.00,Umbrella Bases,Frankford Umbrellas
5118,30G+24G-MLA,Round Galvanized Steel Base Stacks Marella Combo (Base & Double Plates),,39,Cabana,28,0,False,True,True,True,False,1428.00,1428.00,Umbrella Bases,Frankford Umbrellas
5119,30G-MLA,Round Galvanized Steel Base Stacks 100 lbs (Marella),,39,Cabana,28,0,False,True,True,True,False,810.00,810.00,Umbrella Bases,Frankford Umbrellas
5120,30Gx2-MLA,Round Galvanized Steel Base Stacks 200 lbs (Marella),,39,Cabana,28,0,False,True,True,True,False,1620.00,1620.00,Umbrella Bases,Frankford Umbrellas
5121,36G-MLA,Round Galvanized Steel Base Stacks 150 lbs (Marella),,39,Cabana,28,0,False,True,True,True,False,1110.00,1110.00,Umbrella Bases,Frankford Umbrellas
5122,36G-SQ-MLA,Square Galvanized Steel Base (Marella),,39,Cabana,28,0,False,True,True,True,False,1380.00,1380.00,Umbrella Bases,Frankford Umbrellas
5123,MLA-8ST2,Marella Stainless Steel Stem,,39,Cabana,28,0,False,True,True,True,False,216.00,216.00,Umbrella Bases,Frankford Umbrellas
5124,DP-ST (4),Stainless Steel Stem Surface Mount (4),,39,Cabana,28,0,False,True,True,True,False,640.00,640.00,Umbrella Bases,Frankford Umbrellas
5462,671548,Tuscany Alumiron Umbrella Base,,39,,15,0,False,True,True,False,True,,,Umbrella Bases,Hanamint
5463,671550,Alumiron Umbrella Base,,39,,15,0,False,True,True,False,True,,,Umbrella Bases,Hanamint
5464,672301,Ventura Cast Iron Umbrella Base,,39,,15,0,False,True,True,False,True,,,Umbrella Bases,Hanamint
5465,677301,Add-on Weight,,39,,15,0,False,True,True,False,True,,,Umbrella Bases,Hanamint
5558,IG,In-Ground Mount,,39,,28,0,False,True,True,True,False,280.00,280.00,Umbrella Bases,Frankford Umbrellas
5562,36G-SQx4,Square Galvanized Steel Base and Base Stacks 800 lbs,,39,Cantilever,28,0,False,True,True,True,False,5080.00,5080.00,Umbrella Bases,Frankford Umbrellas
5563,BZ-SM,"Bazooka In-Ground Anchored Stem (1.5"")",,39,Market,28,0,False,True,True,True,False,345.00,345.00,Umbrella Bases,Frankford Umbrellas
5564,38-SAP,"Sand and Soil Anchor (1.5"")",,39,,28,0,False,True,True,True,False,157.00,157.00,Umbrella Bases,Frankford Umbrellas
5565,38-SAP-2,"Sand and Soil Anchor (2"")",,39,,28,0,False,True,True,True,False,220.00,220.00,Umbrella Bases,Frankford Umbrellas
5617,24G-TC,Round Aluminum Top Cover,,39,,28,0,False,True,False,False,True,,,Umbrella Bases,Frankford Umbrellas
5618,30G-TC,Round Aluminum Top Cover,,39,,28,0,False,True,False,False,True,,,Umbrella Bases,Frankford Umbrellas
5619,36G-TC,Round Aluminum Top Cover,,39,,28,0,False,True,False,False,True,,,Umbrella Bases,Frankford Umbrellas
5620,40G-TC,Round Aluminum Top Cover,,39,,28,0,False,True,False,False,True,,,Umbrella Bases,Frankford Umbrellas
5621,20G-SQ-TC,Square Aluminum Top Cover,,39,,28,0,False,True,False,False,True,,,Umbrella Bases,Frankford Umbrellas
5622,24G-SQ-TC,Square Aluminum Top Cover,,39,,28,0,False,True,False,False,True,,,Umbrella Bases,Frankford Umbrellas
5623,36G-SQ-TC,Square Aluminum Top Cover,,39,,28,0,False,True,False,False,True,,,Umbrella Bases,Frankford Umbrellas
5625,AMK-C22,Concrete Mount Kit,,39,,12,0,False,True,True,True,False,245.00,245.00,Umbrella Bases,Treasure Garden
5626,AMK-G,In-Ground Mount Kit,,39,,12,0,False,True,True,True,False,190.00,190.00,Umbrella Bases,Treasure Garden
5627,AMK-W,Wood Mount Kit,,39,,12,0,False,True,True,True,False,155.00,155.00,Umbrella Bases,Treasure Garden
5628,MKC23,Concrete Mount Kit,,39,,12,0,False,True,True,True,False,240.00,240.00,Umbrella Bases,Treasure Garden
5629,MKG23,In-Ground Mount Kit,,39,,12,0,False,True,True,True,False,180.00,180.00,Umbrella Bases,Treasure Garden
5630,MKW21,Wood Deck Mount Kit,,39,,12,0,False,True,True,True,False,150.00,150.00,Umbrella Bases,Treasure Garden
5631,MKSB21-_,External Stem,,39,,12,0,False,True,True,True,False,75.00,75.00,Umbrella Bases,Treasure Garden
2180,171311,Corsica Cushion Lounge Chair,,41,,25,0,False,True,True,False,True,,,Replacement Parts,Tropitone
2181,171325NT,Corsica Cushion Swivel Action Lounger,,41,,25,0,False,True,True,False,True,,,Replacement Parts,Tropitone
2182,171317,Corsica Cushion Ottoman,,41,,25,0,False,True,True,False,True,,,Replacement Parts,Tropitone
2183,171314,Corsica Cushion Love Seat,,41,,25,0,False,True,True,False,True,,,Replacement Parts,Tropitone
2184,171321,Corsica Cushion Sofa,,41,,25,0,False,True,True,False,True,,,Replacement Parts,Tropitone
2185,171310CL,Corsica Cushion Crescent Love Seat,,41,,25,0,False,True,True,False,True,,,Replacement Parts,Tropitone
2186,171310CS,Corsica Cushion Crescent Sofa,,41,,25,0,False,True,True,False,True,,,Replacement Parts,Tropitone
2187,660908C50,Corsica Cushion Crescent Ottoman Bench,,41,,25,0,False,True,True,False,True,,,Replacement Parts,Tropitone
2213,391411,Kenzo Cushion Lounge Chair,,41,,25,0,False,True,True,False,True,,,Replacement Parts,Tropitone
2214,391425NT,Kenzo Cushion Swivel Action Lounger,,41,,25,0,False,True,True,False,True,,,Replacement Parts,Tropitone
2215,391417,Kenzo Cushion Ottoman,,41,,25,0,False,True,True,False,True,,,Replacement Parts,Tropitone
2216,391414,Kenzo Cushion Love Seat,,41,,25,0,False,True,True,False,True,,,Replacement Parts,Tropitone
2217,391421,Kenzo Cushion Sofa,,41,,25,0,False,True,True,False,True,,,Replacement Parts,Tropitone
2218,391432,Kenzo Cushion Chaise Lounge,,41,,25,0,False,True,True,False,True,,,Replacement Parts,Tropitone
2219,391810CC2,Kenzo Cushion Crescent Armless,,41,,25,0,False,True,True,False,True,,,Replacement Parts,Tropitone
2220,391410CL,Kenzo Cushion Crescent Love Seat,,41,,25,0,False,True,True,False,True,,,Replacement Parts,Tropitone
2221,391410CS,Kenzo Cushion Crescent Sofa,,41,,25,0,False,True,True,False,True,,,Replacement Parts,Tropitone
2263,891814,Kor Sling Love Seat Tight Sling,,41,,25,0,False,True,True,False,True,,,Replacement Parts,Tropitone
2264,891821,Kor Sling Sofa Tight Sling,,41,,25,0,False,True,True,False,True,,,Replacement Parts,Tropitone
2265,891732,Kor Sling Tight Sling,,41,,25,0,False,True,True,False,True,,,Replacement Parts,Tropitone
2266,891733,Kor Sling Tight Sling,,41,,25,0,False,True,True,False,True,,,Replacement Parts,Tropitone
2279,732325NT,Lakeside Cushion Swivel Action Lounger,,41,,25,0,False,True,True,False,True,,,Replacement Parts,Tropitone
2280,731370,Lakeside Cushion High Back Swivel Rocker,,41,,25,0,False,True,True,False,True,,,Replacement Parts,Tropitone
2281,732311,Lakeside Cushion Lounge Chair,,41,,25,0,False,True,True,False,True,,,Replacement Parts,Tropitone
2282,732317,Lakeside Cushion Ottoman,,41,,25,0,False,True,True,False,True,,,Replacement Parts,Tropitone
2283,732314,Lakeside Cushion Love Seat,,41,,25,0,False,True,True,False,True,,,Replacement Parts,Tropitone
2284,732321,Lakeside Cushion Sofa,,41,,25,0,False,True,True,False,True,,,Replacement Parts,Tropitone
2600,CUSH-MB,Cushion for Aztec Sun Bed,,41,,20,0,False,True,True,False,True,,,Replacement Parts,Summerset
2602,KTCUSH-ER34,Cushion for Aeros Sofa,,41,,20,0,False,True,True,False,True,,,Replacement Parts,Summerset
2603,KTCUSH-ER23,Cushion for Aeros Loveseat,,41,,20,0,False,True,True,False,True,,,Replacement Parts,Summerset
2604,KTCUSH-ER12,Cushion for Aeros Club Chair,,41,,20,0,False,True,True,False,True,,,Replacement Parts,Summerset
2605,KTCUSH-ZD23,Cushion for Aztec or Athena Sectional Loveseat,,41,,20,0,False,True,True,False,True,,,Replacement Parts,Summerset
2648,KTSADS9EX_NC,Sahara Dining 9PC Extension Set - No Cushion,,41,,20,0,False,True,True,False,True,,,Replacement Parts,Summerset
2650,KTSADS7_NC,Sahara Dining 7PC Set - No Cushion,,41,,20,0,False,True,True,False,True,,,Replacement Parts,Summerset
2652,KTSADS5_NC,Sahara Dining 5PC Set - No Cushion,,41,,20,0,False,True,True,False,True,,,Replacement Parts,Summerset
2658,CUSH-G-2,Cushion for Ariana Bench Loveseat Glider,,41,,20,0,False,True,True,False,True,,,Replacement Parts,Summerset
2688,SPADC,Armless Dining Chair (Classic) w/ Sunbrella Cushion (Container Order Only),,41,,20,0,False,True,True,False,True,,,Replacement Parts,Summerset
2689,CSODC,Dining Chair (Classic) w/ Sunbrella Cushion (Set of 2) (Container Order Only),,41,,20,0,False,True,True,False,True,,,Replacement Parts,Summerset
2702,CUSH_UP1,Cushion Upgrade for Pillow,,41,,20,0,False,True,True,False,True,,,Replacement Parts,Summerset
2703,CUSH_UP4,Cushion Upgrade for Chaise,,41,,20,0,False,True,True,False,True,,,Replacement Parts,Summerset
2704,CUSH_UP3,Cushion Upgrade for Deep Seating,,41,,20,0,False,True,True,False,True,,,Replacement Parts,Summerset
2705,CUSH_UP2,Cushion Upgrade for Dining,,41,,20,0,False,True,True,False,True,,,Replacement Parts,Summerset
2708,PILL-LUMB,Cushion for Lumbar Pillow 10x20,,41,,20,0,False,True,True,False,True,,,Replacement Parts,Summerset
2709,PILL-BOL,Cushion for Throw Pillow Bolister,,41,,20,0,False,True,True,False,True,,,Replacement Parts,Summerset
2710,PILL20,"Cushion for Throw Pillow 20""",,41,,20,0,False,True,True,False,True,,,Replacement Parts,Summerset
2711,PILL16,"Cushion for Throw Pillow 16""",,41,,20,0,False,True,True,False,True,,,Replacement Parts,Summerset
2712,KTCUSH-ZC13,Cushion for Aztec or Aztec Sectional Corner,,41,,20,0,False,True,True,False,True,,,Replacement Parts,Summerset
2713,KTCUSH-Z34,Cushion for Aztec or Athena Sofa,,41,,20,0,False,True,True,False,True,,,Replacement Parts,Summerset
2714,KTCUSH-Z23,Cushion for Aztec or Athena Loveseat,,41,,20,0,False,True,True,False,True,,,Replacement Parts,Summerset
2715,KTCUSH-Z12,Cushion for Aztec or Athena Club Chair,,41,,20,0,False,True,True,False,True,,,Replacement Parts,Summerset
2716,KTCUSH-YD14,Cushion for Aztec or Athena Curved Circular Sofa,,41,,20,0,False,True,True,False,True,,,Replacement Parts,Summerset
2717,KTCUSH-U13,Cushion for Ariana Sectional Corner,,41,,20,0,False,True,True,False,True,,,Replacement Parts,Summerset
2718,KTCUSH-R12,Cushion for Ariana Club Recliner,,41,,20,0,False,True,True,False,True,,,Replacement Parts,Summerset
2719,KTCUSH-PC12,Cushion for Alexis Club Swivel Rocker High Back,,41,,20,0,False,True,True,False,True,,,Replacement Parts,Summerset
2720,KTCUSH-PA12,Cushion for Alexis Dining,,41,,20,0,False,True,True,False,True,,,Replacement Parts,Summerset
2721,KTCUSH-L-P12,Cushion for Sahara Club Recliner,,41,,20,0,False,True,True,False,True,,,Replacement Parts,Summerset
2722,KTCUSH-L12,Cushion for Sahara Club,,41,,20,0,False,True,True,False,True,,,Replacement Parts,Summerset
2723,KTCUSH-K-Q34,Cushion for Sahara Sofa,,41,,20,0,False,True,True,False,True,,,Replacement Parts,Summerset
2724,KTCUSH-K-Q23,Cushion for Sahara Loveseat,,41,,20,0,False,True,True,False,True,,,Replacement Parts,Summerset
2725,KTCUSH-J-W34,Cushion for Ariana Sofa High Back,,41,,20,0,False,True,True,False,True,,,Replacement Parts,Summerset
2726,KTCUSH-J-W23,Cushion for Ariana Loveseat High Back,,41,,20,0,False,True,True,False,True,,,Replacement Parts,Summerset
2727,KTCUSH-J-W12,Cushion for Ariana Club High Back,,41,,20,0,False,True,True,False,True,,,Replacement Parts,Summerset
2728,KTCUSH-J34,Cushion for Ariana Sofa,,41,,20,0,False,True,True,False,True,,,Replacement Parts,Summerset
2729,KTCUSH-J23,Cushion for Ariana Loveseat or Sectional Loveseat,,41,,20,0,False,True,True,False,True,,,Replacement Parts,Summerset
2730,KTCUSH-J12,Cushion for Ariana Sectional Club Chair,,41,,20,0,False,True,True,False,True,,,Replacement Parts,Summerset
2731,KTCUSH-IM34,Cushion for Mirabella Sofa,,41,,20,0,False,True,True,False,True,,,Replacement Parts,Summerset
2732,KTCUSH-IM23,Cushion for Mirabella Loveseat,,41,,20,0,False,True,True,False,True,,,Replacement Parts,Summerset
2733,KTCUSH-IM12,Cushion for Mirabella Club Chair,,41,,20,0,False,True,True,False,True,,,Replacement Parts,Summerset
2734,KTCUSH-IJ34,Cushion for Jolee Sofa,,41,,20,0,False,True,True,False,True,,,Replacement Parts,Summerset
2735,KTCUSH-IJ23,Cushion for Jolee Loveseat,,41,,20,0,False,True,True,False,True,,,Replacement Parts,Summerset
2736,KTCUSH-IJ12,Cushion for Jolee Club Chair,,41,,20,0,False,True,True,False,True,,,Replacement Parts,Summerset
2737,KTCUSH-I12,Cushion for Ariana Club Chair,,41,,20,0,False,True,True,False,True,,,Replacement Parts,Summerset
2738,KTCUSH-FS14,Cushion for Ariana Curved Sofa,,41,,20,0,False,True,True,False,True,,,Replacement Parts,Summerset
2739,KTCUSH-AT33,Cushion for Athena Sofa High Back,,41,,20,0,False,True,True,False,True,,,Replacement Parts,Summerset
2740,KTCUSH-AT22,Cushion for Athena Loveseat High Back,,41,,20,0,False,True,True,False,True,,,Replacement Parts,Summerset
2741,KTCUSH-AT11,Cushion for Athena Club Chair High Back,,41,,20,0,False,True,True,False,True,,,Replacement Parts,Summerset
2742,KTCUSH-AM12,Cushion for Mirabella Dining,,41,,20,0,False,True,True,False,True,,,Replacement Parts,Summerset
2743,KTCUSH-AJ12,Cushion for Jolee Dining or Barstool,,41,,20,0,False,True,True,False,True,,,Replacement Parts,Summerset
2744,CUSH-V,Cushion for Designer Ottoman,,41,,20,0,False,True,True,False,True,,,Replacement Parts,Summerset
2745,CUSH-TJL-2,Cushion for Jolee Ottoman,,41,,20,0,False,True,True,False,True,,,Replacement Parts,Summerset
2746,CUSH-T,Cushion for Signature Ottoman,,41,,20,0,False,True,True,False,True,,,Replacement Parts,Summerset
2747,CUSH-S-2,Cushion for Ariana Armless Dining or Barstool,,41,,20,0,False,True,True,False,True,,,Replacement Parts,Summerset
2748,CUSH-QT-2,Cushion for Aztec or Athena Square Ottoman 30,,41,,20,0,False,True,True,False,True,,,Replacement Parts,Summerset
2749,CUSH-O-2,Cushion for Ariana Double Chaise Lounge,,41,,20,0,False,True,True,False,True,,,Replacement Parts,Summerset
2750,CUSH-N-2,Cushion for Sahara Chaise Lounge,,41,,20,0,False,True,True,False,True,,,Replacement Parts,Summerset
2751,CUSH-MJ-2,Cushion for Jolee Chaise Lounge,,41,,20,0,False,True,True,False,True,,,Replacement Parts,Summerset
2752,CUSH-M-2,Cushion for Ariana Chaise Lounge,,41,,20,0,False,True,True,False,True,,,Replacement Parts,Summerset
2753,CUSH-GL-2,Cushion for Jolee Bench Long,,41,,20,0,False,True,True,False,True,,,Replacement Parts,Summerset
2754,CUSH-E,Cushion for Bare Barstool,,41,,20,0,False,True,True,False,True,,,Replacement Parts,Summerset
2755,CUSH-D-2,Cushion for Sahara Dining or Barstool,,41,,20,0,False,True,True,False,True,,,Replacement Parts,Summerset
2756,CUSH-AZT,Cushion for Aztec or Athena Round Ottoman,,41,,20,0,False,True,True,False,True,,,Replacement Parts,Summerset
2757,CUSH-A-2,Cushion for Ariana Dining or Barstool,,41,,20,0,False,True,True,False,True,,,Replacement Parts,Summerset
3082,616690,NG Conversion Kit,,41,,15,0,False,True,True,False,True,,,Replacement Parts,Hanamint
3083,616621,Rectangular Glass Guard,,41,,15,0,False,True,True,False,True,,,Replacement Parts,Hanamint
3085,616619,Round Glass Guard,,41,,15,0,False,True,True,False,True,,,Replacement Parts,Hanamint
3504,TC-director-chair-acces-script-bag,Script Bag,Script Bag Director Chair Accessories,41,,23,0,False,True,True,False,True,,,Replacement Parts,Telescope Casual
3505,TC-director-chair-cover-canvas-seat-back,Canvas Seat/Back,Canvas Seat Back Director Chair Covers,41,,23,0,False,True,True,False,True,,,Replacement Parts,Telescope Casual
3511,TC-fire-table-accessori-balcony-height-lift-kit-f,"Balcony Height Lift Kit for 3F10,3F40,3F70,CF40&amp;CF30",Balcony Height Lift Kit For 3F10 3F40 3F70 Cf40 Amp Cf30 Fire Table Accessories,41,,23,0,False,True,True,False,True,,,Replacement Parts,Telescope Casual
3512,TC-fire-table-accessori-bar-height-lift-kit-for-3,"Bar Height Lift Kit for 3F10,3F40,3F70,CF40&amp;CF30",Bar Height Lift Kit For 3F10 3F40 3F70 Cf40 Amp Cf30 Fire Table Accessories,41,,23,0,False,True,True,False,True,,,Replacement Parts,Telescope Casual
3513,TC-fire-table-accessori-dining-height-lift-kit-fo,"Dining Height Lift Kit for 3F10,3F40,3F70,CF40&amp;CF30",Dining Height Lift Kit For 3F10 3F40 3F70 Cf40 Amp Cf30 Fire Table Accessories,41,,23,0,False,True,True,False,True,,,Replacement Parts,Telescope Casual
3514,TC-furniture-accessorie-10lb-weighted-add-on-bar,Weighted Add-on Bar,10Lb Weighted Add On Bar Furniture Accessories,41,,23,0,False,True,True,False,True,,,Replacement Parts,Telescope Casual
3515,TC-furniture-accessorie-17-throw-pillow,Throw Pillow,17 Throw Pillow Furniture Accessories,41,,23,0,False,True,True,False,True,,,Replacement Parts,Telescope Casual
3516,TC-furniture-accessorie-20-throw-pillow,Throw Pillow,20 Throw Pillow Furniture Accessories,41,,23,0,False,True,True,False,True,,,Replacement Parts,Telescope Casual
3517,TC-furniture-accessorie-ada-compliant-leg-plugs-f,ADA-Compliant Leg Plugs for 3850 Legs (Set of 4),Ada Compliant Leg Plugs For 3850 Legs Set Of 4 Furniture Accessories,41,,23,0,False,True,True,False,True,,,Replacement Parts,Telescope Casual
3518,TC-furniture-accessorie-attachable-pillow,Attachable Pillow,Attachable Pillow Furniture Accessories,41,,23,0,False,True,True,False,True,,,Replacement Parts,Telescope Casual
3519,TC-furniture-accessorie-bench-anchor-kit,Bench Anchor Kit,Anchor Kit Furniture Accessories,41,,23,0,False,True,True,False,True,,,Replacement Parts,Telescope Casual
3520,TC-furniture-accessorie-bolster-pillow,Bolster Pillow,Bolster Pillow Furniture Accessories,41,,23,0,False,True,True,False,True,,,Replacement Parts,Telescope Casual
3521,TC-furniture-accessorie-lumbar-pillow,Lumbar Pillow,Lumbar Pillow Furniture Accessories,41,,23,0,False,True,True,False,True,,,Replacement Parts,Telescope Casual
3522,TC-furniture-accessorie-sling-starter-tools-for-r,Sling Starter Tools for Replacement Slings (Set includes 2 of each style),Sling Starter Tools For Replacement Slings Set Includes 2 Of Each Style Furniture Accessories,41,,23,0,False,True,True,False,True,,,Replacement Parts,Telescope Casual
3523,TC-furniture-accessorie-spreader-bar-tool,Spreader Bar Tool,Spreader Bar Tool Furniture Accessories,41,,23,0,False,True,True,False,True,,,Replacement Parts,Telescope Casual
3524,TC-furniture-accessorie-universal-chaise-pad,Universal Chaise Pad,Universal Chaise Pad Furniture Accessories,41,,23,0,False,True,True,False,True,,,Replacement Parts,Telescope Casual
3525,TC-furniture-covers-furniture-cover,Furniture Cover,Furniture Cover Furniture Covers,41,,23,0,False,True,True,False,True,,,Replacement Parts,Telescope Casual
3897,TC-trash-towel-receptac-replacement-label-set-for,Replacement Label Set for Receptacle,Replacement Label Set For Receptacle Trash Towel Receptacle,41,,23,0,False,True,True,False,True,,,Replacement Parts,Telescope Casual
3898,TC-trash-towel-receptac-trash-towel-receptacle,Trash / Towel Receptacle,Trash Towel Receptacle Trash Towel Receptacle,41,,23,0,False,True,True,False,True,,,Replacement Parts,Telescope Casual
3913,TC-world-famous-directo-bar-height-arm-chair,Bar Height Arm Chair,Bar Height Arm Chair World Famous Director Chair,41,,23,0,False,True,True,False,True,,,Replacement Parts,Telescope Casual
3914,TC-world-famous-directo-dining-height-arm-chair,Dining Height Arm Chair,Dining Height Arm Chair World Famous Director Chair,41,,23,0,False,True,True,False,True,,,Replacement Parts,Telescope Casual
4955,COVER-60,Replacement Cover 6',,41,,29,0,False,True,True,True,False,,420.00,Replacement Parts,Galtech International
4956,COVER-66,Replacement Cover 6x6',,41,,29,0,False,True,True,True,False,,495.00,Replacement Parts,Galtech International
4957,COVER-75,Replacement Cover 7.5',,41,,29,0,False,True,True,True,False,,380.00,Replacement Parts,Galtech International
4958,COVER-77,Replacement Cover 3.5x7',,41,,29,0,False,True,True,True,False,,505.00,Replacement Parts,Galtech International
4959,COVER-90,Replacement Cover 9',,41,,29,0,False,True,True,True,False,,470.00,Replacement Parts,Galtech International
4960,COVER-80,Replacement Cover 8x11',,41,,29,0,False,True,True,True,False,,900.00,Replacement Parts,Galtech International
4961,COVER-88,Replacement Cover 8x8',,41,,29,0,False,True,True,True,False,,915.00,Replacement Parts,Galtech International
4962,COVER-11,Replacement Cover 11',,41,,29,0,False,True,True,True,False,,705.00,Replacement Parts,Galtech International
4963,COVER-10,Replacement Cover 10x10',,41,,29,0,False,True,True,True,False,,1005.00,Replacement Parts,Galtech International
4964,COVER-13,Replacement Cover 13',,41,,29,0,False,True,True,True,False,,1320.00,Replacement Parts,Galtech International
4965,P-RIB,Rib Assembly,,41,,29,0,False,True,True,True,False,60.00,60.00,Replacement Parts,Galtech International
4966,BP,Bottom Pole,,41,,29,0,False,True,True,True,False,60.00,60.00,Replacement Parts,Galtech International
4967,BH,Bar Height Pole,,41,,29,0,False,True,True,True,False,70.00,70.00,Replacement Parts,Galtech International
4968,P-HUB,Runner Hub / Top Hub,,41,,29,0,False,True,True,True,False,55.00,55.00,Replacement Parts,Galtech International
4969,P-FINIAL,Finial,,41,,29,0,False,True,True,True,False,40.00,40.00,Replacement Parts,Galtech International
4970,P-PULLEYS,2-Pulley Kit,,41,,29,0,False,True,True,True,False,45.00,45.00,Replacement Parts,Galtech International
4971,P-PIN,Pin & Chain Assembly,,41,,29,0,False,True,True,True,False,30.00,30.00,Replacement Parts,Galtech International
4972,TFORMER,Transformer for Series 936/986,,41,,29,0,False,True,True,True,False,70.00,70.00,Replacement Parts,Galtech International
4973,FRAME-ALU-727,Replacement Frame Aluminum - 727 7.5',,41,,29,0,False,True,True,True,False,450.00,450.00,Replacement Parts,Galtech International
4974,FRAME-ALU-737,Replacement Frame Aluminum - 737 9',,41,,29,0,False,True,True,True,False,500.00,500.00,Replacement Parts,Galtech International
4976,FRAME-ALU-779,Replacement Frame Aluminum - 779 8x11',,41,,29,0,False,True,True,True,False,700.00,700.00,Replacement Parts,Galtech International
4977,FRAME-ALU-789,Replacement Frame Aluminum - 789 11',,41,,29,0,False,True,True,True,False,730.00,730.00,Replacement Parts,Galtech International
4978,FRAME-ALU-799,Replacement Frame Aluminum - 799 10x10',,41,,29,0,False,True,True,True,False,730.00,730.00,Replacement Parts,Galtech International
4979,FRAME-ALU-636,Replacement Frame Aluminum - 636 9',,41,,29,0,False,True,True,True,False,360.00,360.00,Replacement Parts,Galtech International
4980,FRAME-ALU-736,Replacement Frame Aluminum - 736 9',,41,,29,0,False,True,True,True,False,400.00,400.00,Replacement Parts,Galtech International
4981,FRAME-ALU-936,Replacement Frame Aluminum - 936 9',,41,,29,0,False,True,True,True,False,640.00,640.00,Replacement Parts,Galtech International
4982,FRAME-ALU-986,Replacement Frame Aluminum - 986 11',,41,,29,0,False,True,True,True,False,790.00,790.00,Replacement Parts,Galtech International
4983,FRAME-ALU-762,Replacement Frame Aluminum - 762 6x6',,41,,29,0,False,True,True,True,False,570.00,570.00,Replacement Parts,Galtech International
4984,FRAME-ALU-722,Replacement Frame Aluminum - 722 7.5',,41,,29,0,False,True,True,True,False,635.00,635.00,Replacement Parts,Galtech International
4985,FRAME-ALU-732,Replacement Frame Aluminum - 732 9',,41,,29,0,False,True,True,True,False,690.00,690.00,Replacement Parts,Galtech International
4986,FRAME-ALU-781,Replacement Frame Aluminum - 781 11',,41,,29,0,False,True,True,True,False,760.00,760.00,Replacement Parts,Galtech International
4987,FRAME-ALU-782,Replacement Frame Aluminum - 782 8x8',,41,,29,0,False,True,True,True,False,690.00,690.00,Replacement Parts,Galtech International
4988,FRAME-ALU-792,Replacement Frame Aluminum - 792 10x10',,41,,29,0,False,True,True,True,False,760.00,760.00,Replacement Parts,Galtech International
4989,FRAME-ALU-791,Replacement Frame Aluminum - 791 13',,41,,29,0,False,True,True,True,False,880.00,880.00,Replacement Parts,Galtech International
4990,FRAME-ALU-715AB,Replacement Frame Aluminum - 715AB 6',,41,,29,0,False,True,True,True,False,400.00,400.00,Replacement Parts,Galtech International
4991,FRAME-ALU-725,Replacement Frame Aluminum - 725 7.5',,41,,29,0,False,True,True,True,False,430.00,430.00,Replacement Parts,Galtech International
4992,FRAME-ALU-735,Replacement Frame Aluminum - 735 9',,41,,29,0,False,True,True,True,False,480.00,480.00,Replacement Parts,Galtech International
4993,FRAME-ALU-772,Replacement Frame Aluminum - 772 3.5x7',,41,,29,0,False,True,True,True,False,450.00,450.00,Replacement Parts,Galtech International
4994,FRAME-ALU-887,Replacement Frame Aluminum - 887 11',,41,,29,0,False,True,True,True,False,2200.00,2200.00,Replacement Parts,Galtech International
4995,FRAME-ALU-899,Replacement Frame Aluminum - 899 13',,41,,29,0,False,True,True,True,False,3100.00,3100.00,Replacement Parts,Galtech International
4996,FRAME-ALU-897,Replacement Frame Aluminum - 897 10x10',,41,,29,0,False,True,True,True,False,2200.00,2200.00,Replacement Parts,Galtech International
4997,FRAME-ALU-887-897-899-BASE,Replacement Frame Aluminum - 887-897-899-BASE,,41,,29,0,False,True,True,True,False,1050.00,1050.00,Replacement Parts,Galtech International
4998,FRAME-WD-121,Replacement Frame Wood - 121 7.5',,41,,29,0,False,True,True,True,False,340.00,340.00,Replacement Parts,Galtech International
4999,FRAME-WD-221,Replacement Frame Wood - 221 7.5',,41,,29,0,False,True,True,True,False,340.00,340.00,Replacement Parts,Galtech International
5000,FRAME-WD-131,Replacement Frame Wood - 131 9',,41,,29,0,False,True,True,True,False,350.00,350.00,Replacement Parts,Galtech International
5001,FRAME-WD-132,Replacement Frame Wood - 132 9',,41,,29,0,False,True,True,True,False,400.00,400.00,Replacement Parts,Galtech International
5002,FRAME-WD-232,Replacement Frame Wood - 232 9',,41,,29,0,False,True,True,True,False,400.00,400.00,Replacement Parts,Galtech International
5003,FRAME-WD-136,Replacement Frame Wood - 136 9',,41,,29,0,False,True,True,True,False,400.00,400.00,Replacement Parts,Galtech International
5004,FRAME-WD-183,Replacement Frame Wood - 183 11',,41,,29,0,False,True,True,True,False,650.00,650.00,Replacement Parts,Galtech International
5005,FRAME-WD-531,Replacement Frame Wood - 531 9',,41,,29,0,False,True,True,True,False,800.00,800.00,Replacement Parts,Galtech International
5006,FRAME-WD-532,Replacement Frame Wood - 532 9',,41,,29,0,False,True,True,True,False,900.00,900.00,Replacement Parts,Galtech International
5007,FRAME-WD-537,Replacement Frame Wood - 537 9',,41,,29,0,False,True,True,True,False,900.00,900.00,Replacement Parts,Galtech International
5008,FRAME-WD-587,Replacement Frame Wood - 587 11',,41,,29,0,False,True,True,True,False,1200.00,1200.00,Replacement Parts,Galtech International
5110,NGU550-L,Nova Replacement Top Cover,,41,Market,28,0,False,True,True,True,False,810.00,810.00,Replacement Parts,Frankford Umbrellas
5131,30-SA,Drill Bit Sand Auger,,41,,28,0,False,True,True,True,False,145.00,145.00,Replacement Parts,Frankford Umbrellas
5132,CB01,Navy Blue Cotton Beach Umbrella Carry Bag,,41,,28,0,False,True,True,True,False,34.00,34.00,Replacement Parts,Frankford Umbrellas
5134,CB87-B-SS (2),Stainless Steel Surface Mount L-Brackets,,41,,28,0,False,True,True,True,False,120.00,120.00,Replacement Parts,Frankford Umbrellas
5135,ECU/ARU-PC,Protective Cover (Eclipse/Aurora),,41,,28,0,False,True,True,True,False,150.00,150.00,Replacement Parts,Frankford Umbrellas
5136,NGU-PC,Protective Cover (NOVA),,41,,28,0,False,True,True,True,False,396.00,396.00,Replacement Parts,Frankford Umbrellas
5137,GS/876-PC,Protective Cover (G-Series/876),,41,,28,0,False,True,True,True,False,150.00,150.00,Replacement Parts,Frankford Umbrellas
5138,PC-SM,"Protective Cover - Small (60"" rib)",,41,,28,0,False,True,True,True,False,116.00,116.00,Replacement Parts,Frankford Umbrellas
5139,PC-LG,"Protective Cover - Large (74"" rib)",,41,,28,0,False,True,True,True,False,129.00,129.00,Replacement Parts,Frankford Umbrellas
5140,1170,Vinyl Cover 6-8ft,,41,,28,0,False,True,True,True,False,70.00,70.00,Replacement Parts,Frankford Umbrellas
5141,1174,Vinyl Cover 9-11ft,,41,,28,0,False,True,True,True,False,78.00,78.00,Replacement Parts,Frankford Umbrellas
5142,MCB01,Sleeve Carry Bag (Greenwich/Monterey),,41,,28,0,False,True,True,True,False,75.00,75.00,Replacement Parts,Frankford Umbrellas
5143,LED01,Led Light + Charging Kit,,41,,28,0,False,True,True,True,False,99.00,99.00,Replacement Parts,Frankford Umbrellas
5144,LED-C4,Eclipse v4 Cantilever Umbrella LED Clip,,41,,28,0,False,True,True,True,False,9.00,9.00,Replacement Parts,Frankford Umbrellas
5145,LED-C3,Monterey Rib Attachment Clip,,41,,28,0,False,True,True,True,False,9.00,9.00,Replacement Parts,Frankford Umbrellas
5146,LED-C2,Aurora-F / G-Series Monterey Rib Attachment Clip,,41,,28,0,False,True,True,True,False,9.00,9.00,Replacement Parts,Frankford Umbrellas
5147,LED-C1,Eclipse / Aurora / G-Series Greenwich / Greenwich / Marella LED Clip,,41,,28,0,False,True,True,True,False,9.00,9.00,Replacement Parts,Frankford Umbrellas
5149,37-BP,"Standard Height Bottom Pole (37"")",,41,,28,0,False,True,True,True,False,35.00,35.00,Replacement Parts,Frankford Umbrellas
5150,47-BP,"Bar Height Bottom Pole (47"")",,41,,28,0,False,True,True,True,False,41.00,41.00,Replacement Parts,Frankford Umbrellas
5566,PIN & CHAIN,Pin & Chain,,41,,28,0,False,True,True,True,False,16.00,16.00,Replacement Parts,Frankford Umbrellas
5567,TPU/FINIALS,TPU Finials,,41,,28,0,False,True,True,True,False,27.00,27.00,Replacement Parts,Frankford Umbrellas
5568,C-TPU VERTEX,C-TPU Vertex Finial,,41,,28,0,False,True,True,True,False,50.00,50.00,Replacement Parts,Frankford Umbrellas
5569,CHROME FINIALS,Chrome Finials,,41,,28,0,False,True,True,True,False,40.00,40.00,Replacement Parts,Frankford Umbrellas
5570,SS-VERTEX FINIAL,Stainless Steel Vertex Finial,,41,,28,0,False,True,True,True,False,70.00,70.00,Replacement Parts,Frankford Umbrellas
5571,C-SS-VERTEX FINIAL,Chrome Stainless Steel Vertex Finial,,41,,28,0,False,True,True,True,False,80.00,80.00,Replacement Parts,Frankford Umbrellas
5572,FM-RIB,Fiberglass Monterey Rib,,41,,28,0,False,True,True,True,False,32.00,32.00,Replacement Parts,Frankford Umbrellas
5573,FM-RIB-G,Fiberglass Monterey Rib - G-Series,,41,,28,0,False,True,True,True,False,62.00,62.00,Replacement Parts,Frankford Umbrellas
5574,CAM-RIB,Camlock Rib,,41,,28,0,False,True,True,True,False,58.00,58.00,Replacement Parts,Frankford Umbrellas
5575,CAM-RIB-G,Camlock Rib - G-Series,,41,,28,0,False,True,True,True,False,62.00,62.00,Replacement Parts,Frankford Umbrellas
5576,ECU-RIB,Eclipse Rib,,41,,28,0,False,True,True,True,False,82.00,82.00,Replacement Parts,Frankford Umbrellas
5577,ARU-RIB,Aurora Rib,,41,,28,0,False,True,True,True,False,62.00,62.00,Replacement Parts,Frankford Umbrellas
5578,ARUF-RIB,Aurora Fiberglass Rib,,41,,28,0,False,True,True,True,False,62.00,62.00,Replacement Parts,Frankford Umbrellas
5579,ECU-WS,Eclipse Wind Strap,,41,,28,0,False,True,True,True,False,258.00,258.00,Replacement Parts,Frankford Umbrellas
5580,ARU-WS,Aurora Wind Strap,,41,,28,0,False,True,True,True,False,158.00,158.00,Replacement Parts,Frankford Umbrellas
5581,ECU-SP,Eclipse Spare Parts Kit,,41,,28,0,False,True,True,True,False,688.00,688.00,Replacement Parts,Frankford Umbrellas
5582,ARU-SP,Aurora Spare Parts Kit,,41,,28,0,False,True,True,True,False,336.00,336.00,Replacement Parts,Frankford Umbrellas
5583,CANOPY-SS,Canopy Support Strap,,41,,28,0,False,True,True,True,False,14.00,14.00,Replacement Parts,Frankford Umbrellas
5584,ROPE,Replacement Rope,,41,,28,0,False,True,True,True,False,13.00,13.00,Replacement Parts,Frankford Umbrellas
5585,38F-SR-BP,"Fiberglass Steel Rib Bottom Pole 38""",,41,,28,0,False,True,True,True,False,25.00,25.00,Replacement Parts,Frankford Umbrellas
5586,42F-SR-BP,"Fiberglass Steel Rib Bottom Pole 42""",,41,,28,0,False,True,True,True,False,25.00,25.00,Replacement Parts,Frankford Umbrellas
5587,42AP,"Aluminum Bottom Pole 42""",,41,,28,0,False,True,True,True,False,26.00,26.00,Replacement Parts,Frankford Umbrellas
5588,WL-B,Wind Lock Bottom,,41,,28,0,False,True,True,True,False,44.00,44.00,Replacement Parts,Frankford Umbrellas
5589,52F-SR-BP,"Fiberglass Steel Rib Bottom Pole 52""",,41,,28,0,False,True,True,True,False,30.00,30.00,Replacement Parts,Frankford Umbrellas
5590,CB01-FC,Back Strap and Shoulder Strap Carry Bag for FC101,,41,,28,0,False,True,True,True,False,143.00,143.00,Replacement Parts,Frankford Umbrellas
5591,W-SPRING,Ash Wood Pole Replacement Retention Pole Spring,,41,,28,0,False,True,True,True,False,13.00,13.00,Replacement Parts,Frankford Umbrellas
5592,HBF,Half Ball Finial for Catalina / Avalon / Lifeguard (Fiberglass),,41,,28,0,False,True,True,True,False,24.00,24.00,Replacement Parts,Frankford Umbrellas
5593,SBC,Steel Bell Cap for Laurel / Emerald Coast / Lifeguard (Steel),,41,,28,0,False,True,True,True,False,14.00,14.00,Replacement Parts,Frankford Umbrellas
5594,SS-DB (1),Stainless Steel Drop-In Bolt (1),,41,,28,0,False,True,True,True,False,16.00,16.00,Replacement Parts,Frankford Umbrellas
5595,01-B (4),Bolt Set 01 (4),,41,,28,0,False,True,True,True,False,22.00,22.00,Replacement Parts,Frankford Umbrellas
5596,02-B (4),Bolt Set 02 (4),,41,,28,0,False,True,True,True,False,22.00,22.00,Replacement Parts,Frankford Umbrellas
5597,03-B (4),Bolt Set 03 (4),,41,,28,0,False,True,True,True,False,22.00,22.00,Replacement Parts,Frankford Umbrellas
5598,04-B (4),Bolt Set 04 (4),,41,,28,0,False,True,True,True,False,22.00,22.00,Replacement Parts,Frankford Umbrellas
5599,ST-B (3),Steel Bolt Set (3),,41,,28,0,False,True,True,True,False,22.00,22.00,Replacement Parts,Frankford Umbrellas
5600,480W,Weight Plate 480,,41,,28,0,False,True,True,True,False,280.00,280.00,Replacement Parts,Frankford Umbrellas
5601,480F,Base Frame 480,,41,,28,0,False,True,True,True,False,64.00,64.00,Replacement Parts,Frankford Umbrellas
5602,CMLK-DP,Camlock Double Pole Adapter,,41,,28,0,False,True,True,True,False,126.00,126.00,Replacement Parts,Frankford Umbrellas
5603,CMLK-ST-SM,Camlock Steel Stem (Small),,41,,28,0,False,True,True,True,False,188.00,188.00,Replacement Parts,Frankford Umbrellas
5604,BZ-IG,Bazooka In-Ground Anchor,,41,,28,0,False,True,True,True,False,202.00,202.00,Replacement Parts,Frankford Umbrellas
5605,BZ-ST-SM,Bazooka Steel Stem (Small),,41,,28,0,False,True,True,True,False,202.00,202.00,Replacement Parts,Frankford Umbrellas
5606,BZ-ST2-SM,"Bazooka Steel Stem 2"" (Small)",,41,,28,0,False,True,True,True,False,214.00,214.00,Replacement Parts,Frankford Umbrellas
5607,ST-TS,Steel Toe Saver,,41,,28,0,False,True,True,True,False,16.00,16.00,Replacement Parts,Frankford Umbrellas
5608,A-WHEEL,Aluminum Wheel,,41,,28,0,False,True,True,True,False,68.00,68.00,Replacement Parts,Frankford Umbrellas
5609,50S/23-ST8,Steel Plate Stack 50S/23 8-Plate,,41,,28,0,False,True,True,True,False,54.00,54.00,Replacement Parts,Frankford Umbrellas
5610,50S/23-ST4,Steel Plate Stack 50S/23 4-Plate,,41,,28,0,False,True,True,True,False,54.00,54.00,Replacement Parts,Frankford Umbrellas
5611,75S/100S-ST8,Steel Plate Stack 75S/100S 8-Plate,,41,,28,0,False,True,True,True,False,78.00,78.00,Replacement Parts,Frankford Umbrellas
5612,SA-WHEEL (1),Sand Anchor Wheel (1),,41,,28,0,False,True,True,True,False,30.00,30.00,Replacement Parts,Frankford Umbrellas
5613,D-WHEEL (1),D-Wheel (1),,41,,28,0,False,True,True,True,False,14.00,14.00,Replacement Parts,Frankford Umbrellas
5632,BT2-_,"Aluminum Stem for 2"" Poles",,41,,12,0,False,True,True,True,False,80.00,80.00,Replacement Parts,Treasure Garden
5633,BT218-_,"Aluminum Stem for 2"" Poles (BW50 Series)",,41,,12,0,False,True,True,True,False,80.00,80.00,Replacement Parts,Treasure Garden
5634,P-AKZPBATTERY-_,Starlux AKZ Plus Rechargeable Battery Pack,,41,,12,0,False,True,True,True,False,448.00,448.00,Replacement Parts,Treasure Garden
