id,sku,is_active,available_online,show_price_online,quote_only,in_store_only
4253,261660,True,False,False,True,False
4248,261948,True,False,False,True,False
4251,2621S,True,False,False,True,False
4249,262348,True,False,False,True,False
4252,2624S,True,False,False,True,False
4250,262948,True,False,False,True,False
4257,2630110,True,False,False,True,False
4254,263060,True,False,False,True,False
4258,2634110,True,False,False,True,False
4255,263460,True,False,False,True,False
4259,2640110,True,False,False,True,False
4256,264060,True,False,False,True,False
6170,3722SWZ,True,False,False,True,False
6180,C0036RWZNU+2330B,True,False,False,True,False
6181,C0036RWZNU+2334B,True,False,False,True,False
6182,C0036RWZNU+2340B,True,False,False,True,False
6186,C0042RWZNU+3330B,True,False,False,True,False
6187,C0042RWZNU+3334B,True,False,False,True,False
6188,C0042RWZNU+3340B,True,False,False,True,False
6171,C2424SWZNU+5723B,True,False,False,True,False
6174,C3232SWZNU+2330B,True,False,False,True,False
6175,C3232SWZNU+2334B,True,False,False,True,False
6176,C3232SWZNU+2340B,True,False,False,True,False
6172,C3232SWZNU+5723B,True,False,False,True,False
6177,C3248XWZNU+2330B (x2),True,False,False,True,False
6178,C3248XWZNU+2334B (x2),True,False,False,True,False
6179,C3248XWZNU+2340B (x2),True,False,False,True,False
6173,C3248XWZNU+5744B,True,False,False,True,False
6183,C3636SWZNU+2330B,True,False,False,True,False
6184,C3636SWZNU+2334B,True,False,False,True,False
6185,C3636SWZNU+2340B,True,False,False,True,False
4270,1330RLT,True,False,False,True,False
4275,374274XBLT,True,False,False,True,False
4274,374274XFLT,True,False,False,True,False
4273,3742RBLT,True,False,False,True,False
4271,3742RCLTNU,True,False,False,True,False
4272,3742RFLT,True,False,False,True,False
4278,3748RBLT,True,False,False,True,False
4276,3748RCLTNU,True,False,False,True,False
4277,3748RFLT,True,False,False,True,False
4280,3754RBLT,True,False,False,True,False
4279,3754RFLT,True,False,False,True,False
4267,501948,True,False,False,True,False
4268,6224R,True,False,False,True,False
4269,622644,True,False,False,True,False
4281,6254RFLT,True,False,False,True,False
4405,893250XLTTT,True,False,False,True,False
4406,893663XLTTT,True,False,False,True,False
4294,254284BHD,True,False,False,True,False
6233,254284BHDNU,True,False,False,True,False
6230,254284FHD,True,False,False,True,False
6231,254284FHDNU,True,False,False,True,False
4292,2542SBHD,True,False,False,True,False
6232,2542SBHDNU,True,False,False,True,False
6228,2542SFHD,True,False,False,True,False
6229,2542SFHDNU,True,False,False,True,False
4289,2721SHD,True,False,False,True,False
4290,2722SHD,True,False,False,True,False
4293,274284FHD,True,False,False,True,False
6227,274284FHDNU,True,False,False,True,False
4291,2742SFHD,True,False,False,True,False
6226,2742SFHDNU,True,False,False,True,False
6222,C2644XHD+272644B,True,False,False,True,False
6223,C3252XHD+273252B,True,False,False,True,False
6224,C3660XHD+273660B,True,False,False,True,False
6225,C4242SHD+2742SB,True,False,False,True,False
6139,1930R+2330B,True,False,False,True,False
6141,1930R+2334B,True,False,False,True,False
6143,1930R+2340B,True,False,False,True,False
6140,1930RNU+2330B,True,False,False,True,False
6142,1930RNU+2334B,True,False,False,True,False
6144,1930RNU+2340B,True,False,False,True,False
6145,1936R+2330B,True,False,False,True,False
6147,1936R+2334B,True,False,False,True,False
6149,1936R+2340B,True,False,False,True,False
6146,1936RNU+2330B,True,False,False,True,False
6148,1936RNU+2334B,True,False,False,True,False
6150,1936RNU+2340B,True,False,False,True,False
6126,006086,True,False,False,True,False
3967,1310020,True,False,False,True,False
4194,13220,True,False,False,True,False
4195,132244,True,False,False,True,False
4196,13300,True,False,False,True,False
4407,133252TT,True,False,False,True,False
4408,133660TT,True,False,False,True,False
6120,1344110B,True,False,False,True,False
6124,1344110BR,True,False,False,True,False
4210,1344110BRWH,True,False,False,True,False
4209,1344110BWH,True,False,False,True,False
6116,1344110F,True,False,False,True,False
4208,1344110FWH,True,False,False,True,False
6117,134444B,True,False,False,True,False
6121,134444BR,True,False,False,True,False
4201,134444BRWH,True,False,False,True,False
4200,134444BWH,True,False,False,True,False
4198,134444C,True,False,False,True,False
6113,134444F,True,False,False,True,False
4199,134444FWH,True,False,False,True,False
4197,134444L,True,False,False,True,False
6118,134466B,True,False,False,True,False
6122,134466BR,True,False,False,True,False
4204,134466BRWH,True,False,False,True,False
4203,134466BWH,True,False,False,True,False
6114,134466F,True,False,False,True,False
4202,134466FWH,True,False,False,True,False
6119,134488B,True,False,False,True,False
6123,134488BR,True,False,False,True,False
4207,134488BRWH,True,False,False,True,False
4206,134488BWH,True,False,False,True,False
6115,134488F,True,False,False,True,False
4205,134488FWH,True,False,False,True,False
6125,91006,True,False,False,True,False
5928,2542SBSH,True,False,False,True,False
5930,2542SBSHNU,True,False,False,True,False
5927,2542SFSH,True,False,False,True,False
5929,2542SFSHNU,True,False,False,True,False
5926,274282FSH,True,False,False,True,False
5924,2742SFSH,True,False,False,True,False
5925,2742SFSHNU,True,False,False,True,False
5789,3721SSH,True,False,False,True,False
5788,3722RSH,True,False,False,True,False
5790,3722SSH,True,False,False,True,False
5787,3725RSH,True,False,False,True,False
5792,3742RBSHNU,True,False,False,True,False
5791,3742RFSHNU,True,False,False,True,False
5794,3742SBSH,True,False,False,True,False
5796,3742SBSHNU,True,False,False,True,False
5793,3742SFSH,True,False,False,True,False
5795,3742SFSHNU,True,False,False,True,False
5809,C0030RSH+2330B,True,False,False,True,False
5810,C0030RSH+2334B,True,False,False,True,False
5811,C0030RSH+2340B,True,False,False,True,False
5806,C0030RSHWH+2330B,True,False,False,True,False
5807,C0030RSHWH+2334B,True,False,False,True,False
5808,C0030RSHWH+2340B,True,False,False,True,False
5821,C0036RSH+2330B,True,False,False,True,False
5822,C0036RSH+2334B,True,False,False,True,False
5823,C0036RSH+2340B,True,False,False,True,False
5824,C0036RSHNU+2330B,True,False,False,True,False
5825,C0036RSHNU+2334B,True,False,False,True,False
5826,C0036RSHNU+2340B,True,False,False,True,False
5833,C0042RSH+3330B,True,False,False,True,False
5834,C0042RSH+3334B,True,False,False,True,False
5835,C0042RSH+3340B,True,False,False,True,False
5804,C0042RSHNU+2742RB,True,False,False,True,False
5836,C0042RSHNU+3330B,True,False,False,True,False
5837,C0042RSHNU+3334B,True,False,False,True,False
5838,C0042RSHNU+3340B,True,False,False,True,False
5845,C0048RSH+3330B,True,False,False,True,False
5846,C0048RSH+3334B,True,False,False,True,False
5847,C0048RSH+3340B,True,False,False,True,False
5848,C0048RSHNU+3330B,True,False,False,True,False
5849,C0048RSHNU+3334B,True,False,False,True,False
5850,C0048RSHNU+3340B,True,False,False,True,False
5797,C2424SSH+5723B,True,False,False,True,False
5801,C2644XSH+272644B,True,False,False,True,False
5798,C2644XSH+5744B,True,False,False,True,False
5815,C3030SSH+2330B,True,False,False,True,False
5816,C3030SSH+2334B,True,False,False,True,False
5817,C3030SSH+2340B,True,False,False,True,False
5799,C3030SSH+5723B,True,False,False,True,False
5812,C3030SSHWH+2330B,True,False,False,True,False
5813,C3030SSHWH+2334B,True,False,False,True,False
5814,C3030SSHWH+2340B,True,False,False,True,False
5818,C3048XSH+2330B,True,False,False,True,False
5819,C3048XSH+2334B,True,False,False,True,False
5820,C3048XSH+2340B,True,False,False,True,False
5800,C3048XSH+5744B,True,False,False,True,False
5802,C3252XSH+273252B,True,False,False,True,False
5827,C3636SSH+2330B,True,False,False,True,False
5828,C3636SSH+2334B,True,False,False,True,False
5829,C3636SSH+2340B,True,False,False,True,False
5830,C3636SSHNU+2330B,True,False,False,True,False
5831,C3636SSHNU+2334B,True,False,False,True,False
5832,C3636SSHNU+2340B,True,False,False,True,False
5803,C3660XSH+273660B,True,False,False,True,False
5839,C4242SSH+3330B,True,False,False,True,False
5840,C4242SSH+3334B,True,False,False,True,False
5841,C4242SSH+3340B,True,False,False,True,False
5805,C4242SSHNU+2742SB,True,False,False,True,False
5842,C4242SSHNU+3330B,True,False,False,True,False
5843,C4242SSHNU+3334B,True,False,False,True,False
5844,C4242SSHNU+3340B,True,False,False,True,False
4329,1330RSL,True,False,False,True,False
4340,254282BSL,True,False,False,True,False
4338,254282FSL,True,False,False,True,False
5915,2542SBSL,True,False,False,True,False
5917,2542SBSLNU,True,False,False,True,False
5914,2542SFSL,True,False,False,True,False
5916,2542SFSLNU,True,False,False,True,False
5861,2721SSL,True,False,False,True,False
5862,2722SSL,True,False,False,True,False
5874,274282FSL,True,False,False,True,False
5872,2742SFSL,True,False,False,True,False
5873,2742SFSLNU,True,False,False,True,False
5853,3721SSL,True,False,False,True,False
5852,3722RSL,True,False,False,True,False
5854,3722SSL,True,False,False,True,False
4328,3723RSL,True,False,False,True,False
4327,3724RSL,True,False,False,True,False
5851,3725RSL,True,False,False,True,False
4334,374262BSL,True,False,False,True,False
4333,374262FSL,True,False,False,True,False
4336,374272BSL,True,False,False,True,False
4335,374272FSL,True,False,False,True,False
4339,374282BSL,True,False,False,True,False
4337,374282FSL,True,False,False,True,False
4332,3742RBSL,True,False,False,True,False
5856,3742RBSLNU,True,False,False,True,False
4330,3742RCSLNU,True,False,False,True,False
4331,3742RFSL,True,False,False,True,False
5855,3742RFSLNU,True,False,False,True,False
5858,3742SBSL,True,False,False,True,False
5860,3742SBSLNU,True,False,False,True,False
5857,3742SFSL,True,False,False,True,False
5859,3742SFSLNU,True,False,False,True,False
4342,374484BSL,True,False,False,True,False
4341,374484FSL,True,False,False,True,False
4345,3748RBSL,True,False,False,True,False
4343,3748RCSLNU,True,False,False,True,False
4344,3748RFSL,True,False,False,True,False
5878,C0030RSL+2330B,True,False,False,True,False
5879,C0030RSL+2334B,True,False,False,True,False
5880,C0030RSL+2340B,True,False,False,True,False
5875,C0030RSLWH+2330B,True,False,False,True,False
5876,C0030RSLWH+2334B,True,False,False,True,False
5877,C0030RSLWH+2340B,True,False,False,True,False
5890,C0036RSL+2330B,True,False,False,True,False
5891,C0036RSL+2334B,True,False,False,True,False
5892,C0036RSL+2340B,True,False,False,True,False
5893,C0036RSLNU+2330B,True,False,False,True,False
5894,C0036RSLNU+2334B,True,False,False,True,False
5895,C0036RSLNU+2340B,True,False,False,True,False
5902,C0042RSL+3330B,True,False,False,True,False
5903,C0042RSL+3334B,True,False,False,True,False
5904,C0042RSL+3340B,True,False,False,True,False
5866,C0042RSLNU+2742RB,True,False,False,True,False
5905,C0042RSLNU+3330B,True,False,False,True,False
5906,C0042RSLNU+3334B,True,False,False,True,False
5907,C0042RSLNU+3340B,True,False,False,True,False
5918,C0048RSL+3330B,True,False,False,True,False
5919,C0048RSL+3334B,True,False,False,True,False
5920,C0048RSL+3340B,True,False,False,True,False
5921,C0048RSLNU+3330B,True,False,False,True,False
5922,C0048RSLNU+3334B,True,False,False,True,False
5923,C0048RSLNU+3340B,True,False,False,True,False
5868,C2424SSL+5723B,True,False,False,True,False
5863,C2644XSL+272644B,True,False,False,True,False
5869,C2644XSL+5744B,True,False,False,True,False
5884,C3030SSL+2330B,True,False,False,True,False
5885,C3030SSL+2334B,True,False,False,True,False
5886,C3030SSL+2340B,True,False,False,True,False
5870,C3030SSL+5723B,True,False,False,True,False
5881,C3030SSLWH+2330B,True,False,False,True,False
5882,C3030SSLWH+2334B,True,False,False,True,False
5883,C3030SSLWH+2340B,True,False,False,True,False
5887,C3048XSL+2330B,True,False,False,True,False
5888,C3048XSL+2334B,True,False,False,True,False
5889,C3048XSL+2340B,True,False,False,True,False
5871,C3048XSL+5744B,True,False,False,True,False
5864,C3252XSL+273252B,True,False,False,True,False
5896,C3636SSL+2330B,True,False,False,True,False
5897,C3636SSL+2334B,True,False,False,True,False
5898,C3636SSL+2340B,True,False,False,True,False
5899,C3636SSLNU+2330B,True,False,False,True,False
5900,C3636SSLNU+2334B,True,False,False,True,False
5901,C3636SSLNU+2340B,True,False,False,True,False
5865,C3660XSL+273660B,True,False,False,True,False
5908,C4242SSL+3330B,True,False,False,True,False
5909,C4242SSL+3334B,True,False,False,True,False
5910,C4242SSL+3340B,True,False,False,True,False
5867,C4242SSLNU+2742SB,True,False,False,True,False
5911,C4242SSLNU+3330B,True,False,False,True,False
5912,C4242SSLNU+3334B,True,False,False,True,False
5913,C4242SSLNU+3340B,True,False,False,True,False
4418,42RSLFPTT+89RBC,True,False,False,True,False
4417,48RSLFPTT+89RBC,True,False,False,True,False
4357,1330RSG,True,False,False,True,False
4366,254284BSG,True,False,False,True,False
4364,254284FSG,True,False,False,True,False
5959,2542SBSG,True,False,False,True,False
5961,2542SBSGNU,True,False,False,True,False
5958,2542SFSG,True,False,False,True,False
5960,2542SFSGNU,True,False,False,True,False
5943,2721SSG,True,False,False,True,False
5944,2722SSG,True,False,False,True,False
5957,274284FSG,True,False,False,True,False
5950,2742SFSG,True,False,False,True,False
5951,2742SFSGNU,True,False,False,True,False
5933,3721SSG,True,False,False,True,False
5932,3722RSG,True,False,False,True,False
5934,3722SSG,True,False,False,True,False
4356,3723RSG,True,False,False,True,False
4355,3724RSG,True,False,False,True,False
5931,3725RSG,True,False,False,True,False
4362,374262BSG,True,False,False,True,False
4361,374262FSG,True,False,False,True,False
4365,374284BSG,True,False,False,True,False
4363,374284FSG,True,False,False,True,False
4360,3742RBSG,True,False,False,True,False
5936,3742RBSGNU,True,False,False,True,False
4358,3742RCSGNU,True,False,False,True,False
4359,3742RFSG,True,False,False,True,False
5935,3742RFSGNU,True,False,False,True,False
5938,3742SBSG,True,False,False,True,False
5940,3742SBSGNU,True,False,False,True,False
5937,3742SFSG,True,False,False,True,False
5939,3742SFSGNU,True,False,False,True,False
4369,3754RBSG,True,False,False,True,False
5942,3754RBSGNU,True,False,False,True,False
4367,3754RCSGNU,True,False,False,True,False
4368,3754RFSG,True,False,False,True,False
5941,3754RFSGNU,True,False,False,True,False
5980,C0030RSG+2330B,True,False,False,True,False
5981,C0030RSG+2334B,True,False,False,True,False
5982,C0030RSG+2340B,True,False,False,True,False
5977,C0030RSGWH+2330B,True,False,False,True,False
5978,C0030RSGWH+2334B,True,False,False,True,False
5979,C0030RSGWH+2340B,True,False,False,True,False
5992,C0036RSG+2330B,True,False,False,True,False
5993,C0036RSG+2334B,True,False,False,True,False
5994,C0036RSG+2340B,True,False,False,True,False
5995,C0036RSGNU+2330B,True,False,False,True,False
5996,C0036RSGNU+2334B,True,False,False,True,False
5997,C0036RSGNU+2340B,True,False,False,True,False
6004,C0042RSG+3330B,True,False,False,True,False
6005,C0042RSG+3334B,True,False,False,True,False
6006,C0042RSG+3340B,True,False,False,True,False
5948,C0042RSGNU+2742RB,True,False,False,True,False
6007,C0042RSGNU+3330B,True,False,False,True,False
6008,C0042RSGNU+3334B,True,False,False,True,False
6009,C0042RSGNU+3340B,True,False,False,True,False
5962,C2424SSG+2330B,True,False,False,True,False
5963,C2424SSG+2334B,True,False,False,True,False
5964,C2424SSG+2340B,True,False,False,True,False
5952,C2424SSG+5723B,True,False,False,True,False
5968,C2430XSG+2330B,True,False,False,True,False
5969,C2430XSG+2334B,True,False,False,True,False
5970,C2430XSG+2340B,True,False,False,True,False
5953,C2430XSG+5723B,True,False,False,True,False
5965,C2430XSGWH+2330B,True,False,False,True,False
5966,C2430XSGWH+2334B,True,False,False,True,False
5967,C2430XSGWH+2340B,True,False,False,True,False
5974,C2436XSG+2330B,True,False,False,True,False
5975,C2436XSG+2334B,True,False,False,True,False
5976,C2436XSG+2340B,True,False,False,True,False
5971,C2436XSGWH+2330B,True,False,False,True,False
5972,C2436XSGWH+2334B,True,False,False,True,False
5973,C2436XSGWH+2340B,True,False,False,True,False
5945,C2644XSG+272644B,True,False,False,True,False
5954,C2644XSG+5744B,True,False,False,True,False
5986,C3030SSG+2330B,True,False,False,True,False
5987,C3030SSG+2334B,True,False,False,True,False
5988,C3030SSG+2340B,True,False,False,True,False
5955,C3030SSG+5723B,True,False,False,True,False
5983,C3030SSGWH+2330B,True,False,False,True,False
5984,C3030SSGWH+2334B,True,False,False,True,False
5985,C3030SSGWH+2340B,True,False,False,True,False
5989,C3048XSG+2330B,True,False,False,True,False
5990,C3048XSG+2334B,True,False,False,True,False
5991,C3048XSG+2340B,True,False,False,True,False
5956,C3048XSG+5744B,True,False,False,True,False
5946,C3252XSG+273252B,True,False,False,True,False
5998,C3636SSG+2330B,True,False,False,True,False
5999,C3636SSG+2334B,True,False,False,True,False
6000,C3636SSG+2340B,True,False,False,True,False
6001,C3636SSGNU+2330B,True,False,False,True,False
6002,C3636SSGNU+2334B,True,False,False,True,False
6003,C3636SSGNU+2340B,True,False,False,True,False
5947,C3660XSG+273660B,True,False,False,True,False
6010,C4242SSG+3330B,True,False,False,True,False
6011,C4242SSG+3334B,True,False,False,True,False
6012,C4242SSG+3340B,True,False,False,True,False
5949,C4242SSGNU+2742SB,True,False,False,True,False
6013,C4242SSGNU+3330B,True,False,False,True,False
6014,C4242SSGNU+3334B,True,False,False,True,False
6015,C4242SSGNU+3340B,True,False,False,True,False
4423,42RSGFPTT+89RBC,True,False,False,True,False
5783,42RSGFPTT+89RNC,True,False,False,True,False
4419,42SQSGTT,True,False,False,True,False
4422,54RSGFPTT+89RBC,True,False,False,True,False
5784,54RSGFPTT+89RNC,True,False,False,True,False
4420,893252XSGTT,True,False,False,True,False
4421,893660XSGTT,True,False,False,True,False
4382,1330RTM,True,False,False,True,False
4387,254284BTM,True,False,False,True,False
4389,2548SBTM,True,False,False,True,False
4388,2548SFTM,True,False,False,True,False
4386,274284FTM,True,False,False,True,False
4380,3721STM,True,False,False,True,False
4381,3722STM,True,False,False,True,False
4385,3742RBTM,True,False,False,True,False
4383,3742RCTMNU,True,False,False,True,False
4384,3742RFTM,True,False,False,True,False
4392,3754RBTM,True,False,False,True,False
4390,3754RCTMNU,True,False,False,True,False
4391,3754RFTM,True,False,False,True,False
4428,42RTMFPTT+89RBC,True,False,False,True,False
4424,42SQTMTT+89SNC,True,False,False,True,False
4427,54RTMFPTT+89RBC,True,False,False,True,False
4425,893252XTMTT+89XNC,True,False,False,True,False
4426,893660XTMTT+89XNC,True,False,False,True,False
5781,42RSLFPTT+89RNC,True,False,False,True,False
5785,42RTMFPTT+89RNC,True,False,False,True,False
5782,48RSLFPTT+89RNC,True,False,False,True,False
5786,54RTMFPTT+89RNC,True,False,False,True,False
