id,sku,name,collection,mfr_id,mfr_slug,mfr_name
3298,NC2010-DT-87,Anderson Extension Dining Table,Anderson,17,northcape,NorthCape
3213,NC2753S,Bainbridge Sofa,Bainbridge,17,northcape,NorthCape
3216,NC275C,Bainbridge Club Chair,Bainbridge,17,northcape,NorthCape
3317,NC275CET,Bainbridge Corner End Table,Bainbridge,17,northcape,NorthCape
3318,NC275CT-REC,Bainbridge Rectangular Coffee Table,Bainbridge,17,northcape,NorthCape
5546,NC275CT-REC-GL,Bainbridge Rectangular Coffee Table Glass Top,Bainbridge,17,northcape,NorthCape
3319,NC275CT-SQ,Bainbridge Square Coffee Table,Bainbridge,17,northcape,NorthCape
5545,NC275CT-SQ-GL,Bainbridge Square Coffee Table Glass Top,Bainbridge,17,northcape,NorthCape
3320,NC275ET-SQ,Bainbridge Square End Table,Bainbridge,17,northcape,NorthCape
5544,NC275ET-SQ-GL,Bainbridge End Table Glass Top,Bainbridge,17,northcape,NorthCape
3217,NC275LL,Bainbridge Sectional Left Arm Loveseat,Bainbridge,17,northcape,NorthCape
3218,NC275LS,Bainbridge Loveseat,Bainbridge,17,northcape,NorthCape
3350,NC275O-REC,Bainbridge Rectangular Ottoman,Bainbridge,17,northcape,NorthCape
3351,NC275O-SQ,Bainbridge Square Ottoman,Bainbridge,17,northcape,NorthCape
3219,NC275RL,Bainbridge Sectional Right Arm Loveseat,Bainbridge,17,northcape,NorthCape
3215,NC275SCC,Bainbridge Sectional Corner Chair,Bainbridge,17,northcape,NorthCape
3214,NC275SCC-45,Bainbridge Sectional 45 Degree Corner,Bainbridge,17,northcape,NorthCape
3220,NC275SCM,Bainbridge Sectional Middle Chair,Bainbridge,17,northcape,NorthCape
3221,NC275SG,Bainbridge Swivel Glider Club Chair,Bainbridge,17,northcape,NorthCape
5538,NC415HBSG-P,Universal High Back Swivel Glider Premium,Bainbridge,17,northcape,NorthCape
5539,NC415RX,Universal Recliner,Bainbridge,17,northcape,NorthCape
5540,NC415RX-P,Universal Recliner Premium Weave,Bainbridge,17,northcape,NorthCape
3368,NC2030-SACL,Balboa Single Adjustable Chaise without Arms,Balboa,17,northcape,NorthCape
3367,NC2030-SACL-A,Balboa Single Adjustable Chaise with Arms,Balboa,17,northcape,NorthCape
3210,NC65103S,Biscayne Sofa,Biscayne 6510,17,northcape,NorthCape
3208,NC6510C,Biscayne Lounge Chair,Biscayne 6510,17,northcape,NorthCape
3310,NC6510CT-REC,Biscayne Rectangular Coffee Table,Biscayne 6510,17,northcape,NorthCape
5543,NC6510CT-REC-GL,Biscayne Rectangular Coffee Table Glass Top,Biscayne 6510,17,northcape,NorthCape
3311,NC6510ET-SQ,Biscayne Square End Table,Biscayne 6510,17,northcape,NorthCape
5542,NC6510ET-SQ-GL,Biscayne Square End Table Glass Top,Biscayne 6510,17,northcape,NorthCape
3209,NC6510LS,Biscayne Loveseat,Biscayne 6510,17,northcape,NorthCape
3349,NC6510O-REC,Biscayne Ottoman,Biscayne 6510,17,northcape,NorthCape
3312,NC6510R-CHT,Biscayne Rotating Chat Table,Biscayne 6510,17,northcape,NorthCape
5541,NC6510R-CHT-GL,Biscayne Rotating Chat Table Glass Top,Biscayne 6510,17,northcape,NorthCape
3211,NC6510SR,Biscayne Swivel Rocker,Biscayne 6510,17,northcape,NorthCape
3299,NC2035-DT-55,Braeburn Round Dining Table,Braeburn,17,northcape,NorthCape
3222,NC2703S,Cabo 3 Seater Sofa,Cabo,17,northcape,NorthCape
3224,NC270C,Cabo Club Chair,Cabo,17,northcape,NorthCape
3321,NC270CET,Cabo Corner End Table,Cabo,17,northcape,NorthCape
3322,NC270CT-REC,Cabo Rectangular Coffee Table,Cabo,17,northcape,NorthCape
3323,NC270CT-SQ,Cabo Square Coffee Table,Cabo,17,northcape,NorthCape
3324,NC270ET-SQ,Cabo Square End Table,Cabo,17,northcape,NorthCape
3226,NC270LL,Cabo Left Arm Sectional Loveseat,Cabo,17,northcape,NorthCape
3227,NC270LS,Cabo Loveseat,Cabo,17,northcape,NorthCape
3352,NC270O-REC,Cabo Rectangle Ottoman,Cabo,17,northcape,NorthCape
3353,NC270O-SQ,Cabo Square Ottoman,Cabo,17,northcape,NorthCape
3228,NC270RL,Cabo Right Arm Sectional Loveseat,Cabo,17,northcape,NorthCape
3225,NC270SCC,Cabo Corner Chair,Cabo,17,northcape,NorthCape
3223,NC270SCC-45,Cabo 45 Sectional Corner,Cabo,17,northcape,NorthCape
3229,NC270SCM,Cabo Sectional Middle Chair,Cabo,17,northcape,NorthCape
3230,NC270SG,Cabo Swivel Glider,Cabo,17,northcape,NorthCape
3212,NC6100C,Capri Lounge Chair,Capri,17,northcape,NorthCape
3280,NC6100DT-30,Capri Round Dining Table,Capri,17,northcape,NorthCape
3281,NC6100DT-48,Capri Round Dining Table,Capri,17,northcape,NorthCape
3282,NC6100DT-72,Capri Oval Dining Table,Capri,17,northcape,NorthCape
3313,NC6100ET-SQ,Capri Side Table,Capri,17,northcape,NorthCape
3364,NC6100SACL-A,Capri Chaise Lounge,Capri,17,northcape,NorthCape
5291,NC2685BS-CH,Chalfonte Counter Height Stool,Chalfonte,17,northcape,NorthCape
5287,NC2685CH33-SQ-DRB,"Chalfonte Square Counter Height Table 33""",Chalfonte,17,northcape,NorthCape
5288,NC2685CH41-SQ-DRB,"Chalfonte Square Counter Height Table 41""",Chalfonte,17,northcape,NorthCape
5289,NC2685CH72-REC-DRB,"Chalfonte Rectangle Counter Height Table 72""",Chalfonte,17,northcape,NorthCape
3271,NC2685DC,Chalfonte Dining Chair,Chalfonte,17,northcape,NorthCape
5292,NC2685DLS,Chalfonte Dining Loveseat Bench,Chalfonte,17,northcape,NorthCape
5283,NC2685DT33-SQ-DRB-DH,"Chalfonte Square Dining Table 33""",Chalfonte,17,northcape,NorthCape
5284,NC2685DT41-SQ-DRB-DH,"Chalfonte Square Dining Table 41""",Chalfonte,17,northcape,NorthCape
5285,NC2685DT72-REC-DRB-DH,"Chalfonte Rectangle Dining Table 72""",Chalfonte,17,northcape,NorthCape
5286,NC2685DT83-REC-DRB-DH,"Chalfonte Rectangle Dining Table 83""",Chalfonte,17,northcape,NorthCape
5293,NC2685SACL,Chalfonte Single Adjustable Chaise Lounge,Chalfonte,17,northcape,NorthCape
5290,NC2685SWDC,Chalfonte Swivel Rocker Dining Chair,Chalfonte,17,northcape,NorthCape
5528,NC6701-LS,Chesapeake Bay Loveseat,Chesapeake Bay 6701,17,northcape,NorthCape
5532,NC6701-RET,Chesapeake Bay Round Slat End Table,Chesapeake Bay 6701,17,northcape,NorthCape
5529,NC6701C,Chesapeake Bay Lounge Chair,Chesapeake Bay 6701,17,northcape,NorthCape
5531,NC6701O-REC,Chesapeake Bay Ottoman,Chesapeake Bay 6701,17,northcape,NorthCape
5533,NC6701RCT,Chesapeake Bay Round Slat Coffee Table,Chesapeake Bay 6701,17,northcape,NorthCape
5530,NC6701SR,Chesapeake Bay Swivel Rocker,Chesapeake Bay 6701,17,northcape,NorthCape
5527,NC674013S,Chesapeake Bay Sofa,Chesapeake Bay 6701,17,northcape,NorthCape
3231,NC65183S,Edgewater 3 Seater Sofa,Edgewater,17,northcape,NorthCape
3232,NC6518C,Edgewater Lounge Chair,Edgewater,17,northcape,NorthCape
3325,NC6518CT-REC,Edgewater Rectangular Coffee Table,Edgewater,17,northcape,NorthCape
3327,NC6518ET-SQ,Edgewater Square End Table,Edgewater,17,northcape,NorthCape
3233,NC6518LS,Edgewater Loveseat,Edgewater,17,northcape,NorthCape
3354,NC6518O-REC,Edgewater Rectangular Ottoman,Edgewater,17,northcape,NorthCape
3326,NC6518R-CHT,Edgewater Rotating Chat Table,Edgewater,17,northcape,NorthCape
3234,NC6518SR,Edgewater Swivel Rocker,Edgewater,17,northcape,NorthCape
3369,NC5314R-42,"Woven Fire Table Round 42""",Fire Tables,17,northcape,NorthCape
3372,NC5314RCT,"Woven Fire Table Rectangle 48""",Fire Tables,17,northcape,NorthCape
3370,NC5319R-42-CAL,"Cal Sil Fire Table Round 42""",Fire Tables,17,northcape,NorthCape
5536,NC5319R-42-TAN,"Cal Sil Fire Table Round 42"" Tangent Top",Fire Tables,17,northcape,NorthCape
3371,NC5319RCT-48-CAL,"Cal Sil Fire Table Rectangle 48"" x 32""",Fire Tables,17,northcape,NorthCape
5537,NC5319RCT-48-TAN,"Cal Sil Fire Table Rectangle 48"" x 32"" Tangent Top",Fire Tables,17,northcape,NorthCape
3237,NC43313S,Grand Stafford Sofa,Grand Stafford,17,northcape,NorthCape
3235,NC4331C,Grand Stafford Lounge Chair,Grand Stafford,17,northcape,NorthCape
3328,NC4331CT-REC,Grand Stafford Rectangular Coffee Table,Grand Stafford,17,northcape,NorthCape
5547,NC4331CT-REC-GL,Grand Stafford Coffee Table Glass Top,Grand Stafford,17,northcape,NorthCape
3329,NC4331ET-SQ,Grand Stafford Square End Table,Grand Stafford,17,northcape,NorthCape
5548,NC4331ET-SQ-GL,Grand Stafford End Table Glass Top,Grand Stafford,17,northcape,NorthCape
3236,NC4331LS,Grand Stafford Loveseat,Grand Stafford,17,northcape,NorthCape
3355,NC4331O-REC,Grand Stafford Rectangular Ottoman,Grand Stafford,17,northcape,NorthCape
5500,NC2685DT-TN-33,"Hixon Square Dining Table 33""",Hixon 6400,17,northcape,NorthCape
5501,NC2685DT-TN-41,"Hixon Square Dining Table 41""",Hixon 6400,17,northcape,NorthCape
5502,NC2685DT-TN-72,"Hixon Rectangle Dining Table 72""",Hixon 6400,17,northcape,NorthCape
5503,NC2685DT-TN-83,"Hixon Rectangle Dining Table 83""",Hixon 6400,17,northcape,NorthCape
5260,NC64003S-TAN,Hixon Sofa,Hixon 6400,17,northcape,NorthCape
5263,NC6400C-TAN,Hixon Lounge Chair,Hixon 6400,17,northcape,NorthCape
5271,NC6400CET-TAN,Hixon Sectional Corner End Table,Hixon 6400,17,northcape,NorthCape
5264,NC6400CT-TAN,Hixon Slat Coffee Table,Hixon 6400,17,northcape,NorthCape
5267,NC6400LL-TAN,Hixon Sectional Left Arm Loveseat,Hixon 6400,17,northcape,NorthCape
5261,NC6400LS-TAN,Hixon Loveseat,Hixon 6400,17,northcape,NorthCape
5265,NC6400NET-TAN,Hixon Slat Nesting Tables,Hixon 6400,17,northcape,NorthCape
5266,NC6400O-REC-TAN,Hixon Ottoman,Hixon 6400,17,northcape,NorthCape
5268,NC6400RL-TAN,Hixon Sectional Right Arm Loveseat,Hixon 6400,17,northcape,NorthCape
5270,NC6400SCC-TAN,Hixon Sectional 90 Degree Corner,Hixon 6400,17,northcape,NorthCape
5269,NC6400SCM,Hixon Sectional Middle Armless,Hixon 6400,17,northcape,NorthCape
5262,NC6400SR-TAN,Hixon Swivel Rocker,Hixon 6400,17,northcape,NorthCape
5534,NC6401-ACL,Hixon Arm Chaise,Hixon 6400,17,northcape,NorthCape
5535,NC6401-SACL,Hixon Armless Chaise,Hixon 6400,17,northcape,NorthCape
3300,NC2085-DT-67,Jameson Extension Dining Table,Jameson,17,northcape,NorthCape
3249,NC20153S,Laguna Teak Sofa,Laguna,17,northcape,NorthCape
3248,NC2015C,Laguna Teak Lounge Chair,Laguna,17,northcape,NorthCape
3333,NC2015CT,Laguna Teak Rectangle Coffee Table,Laguna,17,northcape,NorthCape
3334,NC2015ET,Laguna Teak Square End Table,Laguna,17,northcape,NorthCape
3357,NC2015O,Laguna Teak Ottoman,Laguna,17,northcape,NorthCape
3250,NC43023S,Lakeside Sofa,Lakeside,17,northcape,NorthCape
3251,NC4302C,Lakeside Club Chair,Lakeside,17,northcape,NorthCape
3335,NC4302CET,Lakeside Corner End Table,Lakeside,17,northcape,NorthCape
5549,NC4302CET-GL,Lakeside Corner End Table Glass Top,Lakeside,17,northcape,NorthCape
3336,NC4302CT-REC,Lakeside Rectangular Coffee Table,Lakeside,17,northcape,NorthCape
5550,NC4302CT-REC-GL,Lakeside Rectangular Coffee Table Glass Top,Lakeside,17,northcape,NorthCape
3337,NC4302CT-SQ,Lakeside Square Coffee Table,Lakeside,17,northcape,NorthCape
5551,NC4302CT-SQ-GL,Lakeside Square Coffee Table Glass Top,Lakeside,17,northcape,NorthCape
3338,NC4302ET-SQ,Lakeside Square End Table,Lakeside,17,northcape,NorthCape
5552,NC4302ET-SQ-GL,Lakeside End Table Glass Top,Lakeside,17,northcape,NorthCape
3255,NC4302LL,Lakeside Sectional Left Arm Loveseat,Lakeside,17,northcape,NorthCape
3252,NC4302LS,Lakeside Loveseat,Lakeside,17,northcape,NorthCape
3358,NC4302O-REC,Lakeside Rectangular Ottoman,Lakeside,17,northcape,NorthCape
3359,NC4302O-SQ,Lakeside Square Ottoman,Lakeside,17,northcape,NorthCape
3256,NC4302RL,Lakeside Sectional Right Arm Loveseat,Lakeside,17,northcape,NorthCape
3254,NC4302SCC,Lakeside Sectional Corner Chair,Lakeside,17,northcape,NorthCape
3253,NC4302SCC-45,Lakeside Sectional 45 Degree Corner,Lakeside,17,northcape,NorthCape
3257,NC4302SCM,Lakeside Sectional Middle Chair,Lakeside,17,northcape,NorthCape
3258,NC4302SG,Lakeside Swivel Glider,Lakeside,17,northcape,NorthCape
5512,NC26763S,Nassau Sofa,Nassau 2676,17,northcape,NorthCape
5514,NC2676C,Nassau Lounge Chair,Nassau 2676,17,northcape,NorthCape
5517,NC2676LL,Nassau Sectional Left Arm Loveseat,Nassau 2676,17,northcape,NorthCape
5513,NC2676LS,Nassau Loveseat,Nassau 2676,17,northcape,NorthCape
5518,NC2676RL,Nassau Sectional Right Arm Loveseat,Nassau 2676,17,northcape,NorthCape
5519,NC2676SCC,Nassau Sectional 90 Degree Corner,Nassau 2676,17,northcape,NorthCape
5516,NC2676SCM,Nassau Sectional Middle Armless,Nassau 2676,17,northcape,NorthCape
5515,NC2676SR,Nassau Swivel Rocker,Nassau 2676,17,northcape,NorthCape
3301,NOSKU_delmar-4-seat-outdoor-42-round-bar-height-table-patio-set-poly-lumber,Oceanview 4 Seat Outdoor Round Bar Height Table Patio Set,Oceanview,17,northcape,NorthCape
3302,NOSKU_delmar-4-seat-outdoor-42-round-counter-height-table-patio-set-poly-lumber,Oceanview 4 Seat Outdoor Round Counter Height Table Patio Set,Oceanview,17,northcape,NorthCape
3303,NOSKU_delmar-4-seat-outdoor-42-round-dining-height-table-patio-set-poly-lumber,Oceanview 4 Seat Outdoor Round Dining Height Table Patio Set,Oceanview,17,northcape,NorthCape
3304,NOSKU_delmar-4-seat-outdoor-counter-height-table-patio-set-poly-lumber,Oceanview 4 Seat Outdoor Counter Height Table Patio Set,Oceanview,17,northcape,NorthCape
3305,NOSKU_delmar-4-seat-outdoor-dining-height-table-patio-set-poly-lumber,Oceanview 4 Seat Outdoor Dining Height Table Patio Set,Oceanview,17,northcape,NorthCape
3306,NOSKU_delmar-6-seat-outdoor-counter-height-table-patio-set-poly-lumber,Oceanview 6 Seat Outdoor Counter Height Table Patio Set,Oceanview,17,northcape,NorthCape
3308,NOSKU_delmar-6-seat-outdoor-dining-height-table-patio-set-poly-lumber-2,Oceanview 6 Seat Outdoor Dining Height Table Patio Set,Oceanview,17,northcape,NorthCape
3274,PL1001DC,Oceanview Dining Chair With Arms,Oceanview,17,northcape,NorthCape
3345,PL1001DC-H,Oceanview Counter or Bar Height Chair With Arms,Oceanview,17,northcape,NorthCape
3273,PL1001DCS,Oceanview Armless Dining Chair,Oceanview,17,northcape,NorthCape
3344,PL1001DCS-H,Oceanview Armless Counter or Bar Height Chair,Oceanview,17,northcape,NorthCape
3292,PL1001DT-REC-60,Oceanview Rectangle Dining Table,Oceanview,17,northcape,NorthCape
3293,PL1001DT-REC-72,Oceanview Rectangle Dining Table,Oceanview,17,northcape,NorthCape
3291,PL1001DT-RND-42,Oceanview Round Dining Table,Oceanview,17,northcape,NorthCape
3346,PL1001SS,Oceanview Saddle Stool,Oceanview,17,northcape,NorthCape
3315,NC6790CT-REC,Overton Rectangle Coffee Table w/ textured alum. wood look finish,Overton,17,northcape,NorthCape
3314,NC6790CVT-REC,Overton Conversation table w/ textured alum. wood look finish/strong,Overton,17,northcape,NorthCape
3269,NC6790DC,Overton Padded Dining Chair,Overton,17,northcape,NorthCape
3283,NC6790DT,Overton 82”x 42” Dining Table w/ textured alum. wood look finish,Overton,17,northcape,NorthCape
3316,NC6790ET-SQ,Overton Square End Table – Wood Finish Texture,Overton,17,northcape,NorthCape
3270,NC6870-DC,Rio Dining Chair,Rio,17,northcape,NorthCape
3365,NC6870-SACL,Rio Chaise Lounge,Rio,17,northcape,NorthCape
3284,NC6870DT-48,Rio Dining Table,Rio,17,northcape,NorthCape
3285,NC6870DT-60,Rio Dining Table,Rio,17,northcape,NorthCape
3261,NC21703S,Seaside Teak Sofa,Seaside,17,northcape,NorthCape
3259,NC2170C,Seaside Teak Chair,Seaside,17,northcape,NorthCape
3339,NC2170CT,Seaside Teak Coffee Table,Seaside,17,northcape,NorthCape
3275,NC2170DC,Seaside Teak Dining Chair,Seaside,17,northcape,NorthCape
3340,NC2170ET,Seaside Teak End Table,Seaside,17,northcape,NorthCape
3260,NC2170LS,Seaside Teak Loveseat,Seaside,17,northcape,NorthCape
3360,NC2170O-REC,Seaside Teak Ottoman,Seaside,17,northcape,NorthCape
5526,C6600DC,Sedona Dining Chair,Sedona 6600,17,northcape,NorthCape
5520,NC66003S,Sedona Sofa,Sedona 6600,17,northcape,NorthCape
5522,NC6600C,Sedona Lounge Chair,Sedona 6600,17,northcape,NorthCape
5524,NC6600LL,Sedona Sectional Left Arm Loveseat,Sedona 6600,17,northcape,NorthCape
5521,NC6600LS,Sedona Loveseat,Sedona 6600,17,northcape,NorthCape
5525,NC6600RL,Sedona Sectional Right Arm Loveseat,Sedona 6600,17,northcape,NorthCape
5523,NC6600SR,Sedona Swivel Rocker,Sedona 6600,17,northcape,NorthCape
3278,NC2045-DC,Solano Dining Chair,Solano,17,northcape,NorthCape
3279,NC2045-DCS,Solano Dining Side Chair,Solano,17,northcape,NorthCape
3268,NC2045-DLS,Solano 2 Seater Dining Bench,Solano,17,northcape,NorthCape
3262,NC52233S,Sorrento 3 Seater Sofa,Sorrento,17,northcape,NorthCape
3263,NC5223C,Sorrento Lounge Chair,Sorrento,17,northcape,NorthCape
3341,NC5223CT-REC,Sorrento Rectangle Coffee Table with Glass,Sorrento,17,northcape,NorthCape
3342,NC5223ET-SQ,Sorrento Square End Table with Glass,Sorrento,17,northcape,NorthCape
3264,NC5223LS,Sorrento Loveseat,Sorrento,17,northcape,NorthCape
3361,NC5223O-REC,Sorrento Rectangle Ottoman,Sorrento,17,northcape,NorthCape
3265,NC5223SG,Sorrento Swivel Glider Chair,Sorrento,17,northcape,NorthCape
5297,NC53063S,Sydney Sofa,Sydney 5306,17,northcape,NorthCape
5299,NC5306C,Sydney Lounge Chair,Sydney 5306,17,northcape,NorthCape
5303,NC5306CT-REC,Sydney Rectangle Coffee Table,Sydney 5306,17,northcape,NorthCape
5304,NC5306CT-SQ,Sydney Square Cube Coffee Table,Sydney 5306,17,northcape,NorthCape
5302,NC5306ET-SQ,Sydney Square End Table,Sydney 5306,17,northcape,NorthCape
5306,NC5306LL,Sydney Sectional Left Arm Loveseat,Sydney 5306,17,northcape,NorthCape
5298,NC5306LS,Sydney Loveseat,Sydney 5306,17,northcape,NorthCape
5301,NC5306O-SQ,Sydney Square Ottoman,Sydney 5306,17,northcape,NorthCape
5307,NC5306RL,Sydney Sectional Right Arm Loveseat,Sydney 5306,17,northcape,NorthCape
5308,NC5306SCC-90,Sydney Sectional Corner Chair,Sydney 5306,17,northcape,NorthCape
5305,NC5306SCM,Sydney Sectional Middle Armless,Sydney 5306,17,northcape,NorthCape
5300,NC5306SG,Sydney Swivel Glider,Sydney 5306,17,northcape,NorthCape
5295,NC2001CUB-MED,Tuscino Cube Ottoman Medium,Tuscino,17,northcape,NorthCape
5296,NC2001CUBE-SM,Tuscino Cube Ottoman Small,Tuscino,17,northcape,NorthCape
5294,NC2001OT-SQ,Tuscino Square Ottoman,Tuscino,17,northcape,NorthCape
3267,NC2001SCC,Tuscino Modular Corner,Tuscino,17,northcape,NorthCape
3266,NC2001SCM,Tuscino Modular Armless Middle Chair,Tuscino,17,northcape,NorthCape
3373,NC415-ICE,Universal Ice Chest,Universal,17,northcape,NorthCape
3374,NC415CBL,Universal Large Cushion Storage Box,Universal,17,northcape,NorthCape
3347,NC415CHSS-25,Universal Counter Height Swivel Stool,Universal,17,northcape,NorthCape
3277,NC415DC,Universal Dining Chair,Universal,17,northcape,NorthCape
3276,NC415DCS,Universal Armless Dining Chair,Universal,17,northcape,NorthCape
3294,NC415DT-48,Universal Square Dining Table,Universal,17,northcape,NorthCape
3295,NC415DT-72,Universal Rectangle Dining Table,Universal,17,northcape,NorthCape
3238,NC415HBSG,Universal High Back Swivel Glider,Universal,17,northcape,NorthCape
3363,NC415O-SQ,Universal Cube Ottoman,Universal,17,northcape,NorthCape
3297,NC415PT-38,Universal Counter Height Pub Table,Universal,17,northcape,NorthCape
3296,NC415PT-42,Universal Bar Height Pub Table,Universal,17,northcape,NorthCape
3343,NC415R-CHT,Universal Rotating Chat Table,Universal,17,northcape,NorthCape
3366,NC415SACL,Universal Chaise Lounge,Universal,17,northcape,NorthCape
3348,NC416BS-30,Universal Armless Bar Stool,Universal,17,northcape,NorthCape
5504,NC65003S-TAN,Valencia Sofa,Valencia 6500,17,northcape,NorthCape
5506,NC6500C-TAN,Valencia Lounge Chair,Valencia 6500,17,northcape,NorthCape
5509,NC6500LL-TAN,Valencia Sectional Left Arm Loveseat,Valencia 6500,17,northcape,NorthCape
5505,NC6500LS-TAN,Valencia Loveseat,Valencia 6500,17,northcape,NorthCape
5510,NC6500RL-TAN,Valencia Sectional Right Arm Loveseat,Valencia 6500,17,northcape,NorthCape
5511,NC6500SCC-TAN,Valencia Sectional 90 Degree Corner,Valencia 6500,17,northcape,NorthCape
5508,NC6500SCM,Valencia Sectional Middle Armless,Valencia 6500,17,northcape,NorthCape
5507,NC6500SR-TAN,Valencia Swivel Rocker,Valencia 6500,17,northcape,NorthCape
3307,NOSKU_delmar-6-seat-outdoor-counter-height-table-patio-set-poly-lumber-2,Oceanview 6 Seat Outdoor Counter Height Table Patio Set,,17,northcape,NorthCape
3309,NOSKU_delmar-6-seat-outdoor-dining-height-table-patio-set-poly-lumber,Oceanview 6 Seat Outdoor Dining Height Table Patio Set,,17,northcape,NorthCape
