variant_id,product_sku,variant_sku,variant_name,grade,msrp,sale_price
1249,AG25TR,AG25TR-09-DWV,Black (DWV),A,2345.00,1759.00
1249,AG25TR,AG25TR-09-DWV,Black (DWV),C,1835.00,1377.00
1248,AG25TR,AG25TR-00-DWV,Bronze (DWV),A,2345.00,1759.00
1248,AG25TR,AG25TR-00-DWV,Bronze (DWV),C,1835.00,1377.00
1253,AG25TR10,AG25TR10-09-DWV,Black (DWV),A,2160.00,1620.00
1253,AG25TR10,AG25TR10-09-DWV,Black (DWV),C,1720.00,1290.00
1252,AG25TR10,AG25TR10-00-DWV,Bronze (DWV),A,2160.00,1620.00
1252,AG25TR10,AG25TR10-00-DWV,Bronze (DWV),C,1720.00,1290.00
1251,AG25TSQR,AG25TSQR-09-SWV,Black (SWV),A,2245.00,1684.00
1251,AG25TSQR,AG25TSQR-09-SWV,Black (SWV),C,1770.00,1328.00
1250,AG25TSQR,AG25TSQR-00-SWV,Bronze (SWV),A,2245.00,1684.00
1250,AG25TSQR,AG25TSQR-00-SWV,Bronze (SWV),C,1770.00,1328.00
1246,AKZP,AKZP-02-DWV,Anthracite (DWV),A,2795.00,2097.00
1246,AKZP,AKZP-02-DWV,Anthracite (DWV),C,2235.00,1677.00
1247,AKZP,AKZP-09-DWV,Black (DWV),A,2795.00,2097.00
1247,AKZP,AKZP-09-DWV,Black (DWV),C,2235.00,1677.00
1245,AKZP,AKZP-00-DWV,Bronze (DWV),A,2795.00,2097.00
1245,AKZP,AKZP-00-DWV,Bronze (DWV),C,2235.00,1677.00
1234,AKZP13,AKZP13-02-DWV,Anthracite (DWV),A,3085.00,2314.00
1234,AKZP13,AKZP13-02-DWV,Anthracite (DWV),C,2410.00,1808.00
1235,AKZP13,AKZP13-09-DWV,Black (DWV),A,3085.00,2314.00
1235,AKZP13,AKZP13-09-DWV,Black (DWV),C,2410.00,1808.00
1233,AKZP13,AKZP13-00-DWV,Bronze (DWV),A,3085.00,2314.00
1233,AKZP13,AKZP13-00-DWV,Bronze (DWV),C,2410.00,1808.00
1236,AKZP13,AKZP13-SS-DWV,Silver Shadow (DWV),A,3240.00,2430.00
1236,AKZP13,AKZP13-SS-DWV,Silver Shadow (DWV),C,2525.00,1894.00
1237,AKZP13,AKZP13-WO-DWV,Weathered Oak (DWV),A,3240.00,2430.00
1237,AKZP13,AKZP13-WO-DWV,Weathered Oak (DWV),C,2525.00,1894.00
1230,AKZP13LX,AKZP13LX-09-DWV,Black (DWV),A,3605.00,2704.00
1230,AKZP13LX,AKZP13LX-09-DWV,Black (DWV),C,2805.00,2104.00
1229,AKZP13LX,AKZP13LX-00-DWV,Bronze (DWV),A,3605.00,2704.00
1229,AKZP13LX,AKZP13LX-00-DWV,Bronze (DWV),C,2805.00,2104.00
1239,AKZPRT,AKZPRT-02-SWV,Anthracite (SWV),A,3080.00,2310.00
1239,AKZPRT,AKZPRT-02-SWV,Anthracite (SWV),C,2400.00,1800.00
1240,AKZPRT,AKZPRT-09-SWV,Black (SWV),A,3080.00,2310.00
1240,AKZPRT,AKZPRT-09-SWV,Black (SWV),C,2400.00,1800.00
1238,AKZPRT,AKZPRT-00-SWV,Bronze (SWV),A,3080.00,2310.00
1238,AKZPRT,AKZPRT-00-SWV,Bronze (SWV),C,2400.00,1800.00
1241,AKZPRT,AKZPRT-SS-SWV,Silver Shadow (SWV),A,3235.00,2427.00
1241,AKZPRT,AKZPRT-SS-SWV,Silver Shadow (SWV),C,2520.00,1890.00
1242,AKZPRT,AKZPRT-WO-SWV,Weathered Oak (SWV),A,3235.00,2427.00
1242,AKZPRT,AKZPRT-WO-SWV,Weathered Oak (SWV),C,2520.00,1890.00
1232,AKZPRTLX,AKZPRTLX-09-SWV,Black (SWV),A,3600.00,2700.00
1232,AKZPRTLX,AKZPRTLX-09-SWV,Black (SWV),C,2800.00,2100.00
1231,AKZPRTLX,AKZPRTLX-00-SWV,Bronze (SWV),A,3600.00,2700.00
1231,AKZPRTLX,AKZPRTLX-00-SWV,Bronze (SWV),C,2800.00,2100.00
1244,AKZPSQ11,AKZPSQ11-09-SWV,Black (SWV),A,3015.00,2262.00
1244,AKZPSQ11,AKZPSQ11-09-SWV,Black (SWV),C,2380.00,1785.00
1243,AKZPSQ11,AKZPSQ11-00-SWV,Bronze (SWV),A,3015.00,2262.00
1243,AKZPSQ11,AKZPSQ11-00-SWV,Bronze (SWV),C,2380.00,1785.00
1257,ET310,ET310-09-SWV,Black (SWV),A,1420.00,1065.00
1257,ET310,ET310-09-SWV,Black (SWV),C,1020.00,765.00
1256,ET310,ET310-00-SWV,Bronze (SWV),A,1420.00,1065.00
1256,ET310,ET310-00-SWV,Bronze (SWV),C,1020.00,765.00
1255,ET3RT,ET3RT-09-SWV,Black (SWV),A,2250.00,1688.00
1255,ET3RT,ET3RT-09-SWV,Black (SWV),C,1520.00,1140.00
1254,ET3RT,ET3RT-00-SWV,Bronze (SWV),A,2250.00,1688.00
1254,ET3RT,ET3RT-00-SWV,Bronze (SWV),C,1520.00,1140.00
1204,UM800,UM800-02-DWV,Anthracite (DWV),A,825.00,619.00
1204,UM800,UM800-02-DWV,Anthracite (DWV),Awning,1355.00,1017.00
1204,UM800,UM800-02-DWV,Anthracite (DWV),C,620.00,465.00
127,UM800,UM800-02-SWV,Anthracite (SWV),A,785.00,589.00
127,UM800,UM800-02-SWV,Anthracite (SWV),Awning,1295.00,972.00
127,UM800,UM800-02-SWV,Anthracite (SWV),C,590.00,443.00
1205,UM800,UM800-09-DWV,Black (DWV),A,825.00,619.00
1205,UM800,UM800-09-DWV,Black (DWV),Awning,1355.00,1017.00
1205,UM800,UM800-09-DWV,Black (DWV),C,620.00,465.00
128,UM800,UM800-09-SWV,Black (SWV),A,785.00,589.00
128,UM800,UM800-09-SWV,Black (SWV),Awning,1295.00,972.00
128,UM800,UM800-09-SWV,Black (SWV),C,590.00,443.00
1203,UM800,UM800-00-DWV,Bronze (DWV),A,825.00,619.00
1203,UM800,UM800-00-DWV,Bronze (DWV),Awning,1355.00,1017.00
1203,UM800,UM800-00-DWV,Bronze (DWV),C,620.00,465.00
126,UM800,UM800-00-SWV,Bronze (SWV),A,785.00,589.00
126,UM800,UM800-00-SWV,Bronze (SWV),Awning,1295.00,972.00
126,UM800,UM800-00-SWV,Bronze (SWV),C,590.00,443.00
1200,UM800LX,UM800LX-09-DWV,Black (DWV),A,1310.00,983.00
1200,UM800LX,UM800LX-09-DWV,Black (DWV),C,1100.00,825.00
123,UM800LX,UM800LX-09-SWV,Black (SWV),A,1260.00,945.00
123,UM800LX,UM800LX-09-SWV,Black (SWV),C,1065.00,799.00
1199,UM800LX,UM800LX-00-DWV,Bronze (DWV),A,1310.00,983.00
1199,UM800LX,UM800LX-00-DWV,Bronze (DWV),C,1100.00,825.00
122,UM800LX,UM800LX-00-SWV,Bronze (SWV),A,1260.00,945.00
122,UM800LX,UM800LX-00-SWV,Bronze (SWV),C,1065.00,799.00
1202,UM801,UM801-09-DWV,Black (DWV),A,1180.00,885.00
1202,UM801,UM801-09-DWV,Black (DWV),Awning,1870.00,1403.00
1202,UM801,UM801-09-DWV,Black (DWV),C,950.00,713.00
125,UM801,UM801-09-SWV,Black (SWV),A,1105.00,829.00
125,UM801,UM801-09-SWV,Black (SWV),Awning,1745.00,1309.00
125,UM801,UM801-09-SWV,Black (SWV),C,890.00,668.00
1201,UM801,UM801-00-DWV,Bronze (DWV),A,1180.00,885.00
1201,UM801,UM801-00-DWV,Bronze (DWV),Awning,1870.00,1403.00
1201,UM801,UM801-00-DWV,Bronze (DWV),C,950.00,713.00
124,UM801,UM801-00-SWV,Bronze (SWV),A,1105.00,829.00
124,UM801,UM801-00-SWV,Bronze (SWV),Awning,1745.00,1309.00
124,UM801,UM801-00-SWV,Bronze (SWV),C,890.00,668.00
1228,UM809-1H,UM809-1H-DWV,Hardwood (DWV),A,430.00,323.00
1228,UM809-1H,UM809-1H-DWV,Hardwood (DWV),Awning,570.00,428.00
163,UM809-1H,UM809-1H-SWV,Hardwood (SWV),A,405.00,304.00
163,UM809-1H,UM809-1H-SWV,Hardwood (SWV),Awning,515.00,387.00
1219,UM810,UM810-02-DWV,Anthracite (DWV),A,720.00,540.00
1219,UM810,UM810-02-DWV,Anthracite (DWV),Awning,1225.00,919.00
1219,UM810,UM810-02-DWV,Anthracite (DWV),C,545.00,409.00
145,UM810,UM810-02-SWV,Anthracite (SWV),A,690.00,518.00
145,UM810,UM810-02-SWV,Anthracite (SWV),Awning,1180.00,885.00
145,UM810,UM810-02-SWV,Anthracite (SWV),C,500.00,375.00
1221,UM810,UM810-09-DWV,Black (DWV),A,720.00,540.00
1221,UM810,UM810-09-DWV,Black (DWV),Awning,1225.00,919.00
1221,UM810,UM810-09-DWV,Black (DWV),C,545.00,409.00
147,UM810,UM810-09-SWV,Black (SWV),A,690.00,518.00
147,UM810,UM810-09-SWV,Black (SWV),Awning,1180.00,885.00
147,UM810,UM810-09-SWV,Black (SWV),C,500.00,375.00
1218,UM810,UM810-00-DWV,Bronze (DWV),A,720.00,540.00
1218,UM810,UM810-00-DWV,Bronze (DWV),Awning,1225.00,919.00
1218,UM810,UM810-00-DWV,Bronze (DWV),C,545.00,409.00
144,UM810,UM810-00-SWV,Bronze (SWV),A,690.00,518.00
144,UM810,UM810-00-SWV,Bronze (SWV),Awning,1180.00,885.00
144,UM810,UM810-00-SWV,Bronze (SWV),C,500.00,375.00
1216,UM810,UM810-SS-DWV,Silver Shadow (DWV),A,775.00,582.00
1216,UM810,UM810-SS-DWV,Silver Shadow (DWV),Awning,1315.00,987.00
1216,UM810,UM810-SS-DWV,Silver Shadow (DWV),C,590.00,443.00
142,UM810,UM810-SS-SWV,Silver Shadow (SWV),A,730.00,548.00
142,UM810,UM810-SS-SWV,Silver Shadow (SWV),Awning,1275.00,957.00
142,UM810,UM810-SS-SWV,Silver Shadow (SWV),C,550.00,413.00
1217,UM810,UM810-WO-DWV,Weathered Oak (DWV),A,775.00,582.00
1217,UM810,UM810-WO-DWV,Weathered Oak (DWV),Awning,1315.00,987.00
1217,UM810,UM810-WO-DWV,Weathered Oak (DWV),C,590.00,443.00
143,UM810,UM810-WO-SWV,Weathered Oak (SWV),A,730.00,548.00
143,UM810,UM810-WO-SWV,Weathered Oak (SWV),Awning,1275.00,957.00
143,UM810,UM810-WO-SWV,Weathered Oak (SWV),C,550.00,413.00
1220,UM810,UM810-03-DWV,White (DWV),A,720.00,540.00
1220,UM810,UM810-03-DWV,White (DWV),Awning,1225.00,919.00
1220,UM810,UM810-03-DWV,White (DWV),C,545.00,409.00
146,UM810,UM810-03-SWV,White (SWV),A,690.00,518.00
146,UM810,UM810-03-SWV,White (SWV),Awning,1180.00,885.00
146,UM810,UM810-03-SWV,White (SWV),C,500.00,375.00
1213,UM812,UM812-02-DWV,Anthracite (DWV),A,1015.00,762.00
1213,UM812,UM812-02-DWV,Anthracite (DWV),Awning,1745.00,1309.00
1213,UM812,UM812-02-DWV,Anthracite (DWV),C,830.00,623.00
139,UM812,UM812-02-SWV,Anthracite (SWV),A,945.00,709.00
139,UM812,UM812-02-SWV,Anthracite (SWV),Awning,1555.00,1167.00
139,UM812,UM812-02-SWV,Anthracite (SWV),C,750.00,563.00
1215,UM812,UM812-09-DWV,Black (DWV),A,1015.00,762.00
1215,UM812,UM812-09-DWV,Black (DWV),Awning,1745.00,1309.00
1215,UM812,UM812-09-DWV,Black (DWV),C,830.00,623.00
141,UM812,UM812-09-SWV,Black (SWV),A,945.00,709.00
141,UM812,UM812-09-SWV,Black (SWV),Awning,1555.00,1167.00
141,UM812,UM812-09-SWV,Black (SWV),C,750.00,563.00
1212,UM812,UM812-00-DWV,Bronze (DWV),A,1015.00,762.00
1212,UM812,UM812-00-DWV,Bronze (DWV),Awning,1745.00,1309.00
1212,UM812,UM812-00-DWV,Bronze (DWV),C,830.00,623.00
138,UM812,UM812-00-SWV,Bronze (SWV),A,945.00,709.00
138,UM812,UM812-00-SWV,Bronze (SWV),Awning,1555.00,1167.00
138,UM812,UM812-00-SWV,Bronze (SWV),C,750.00,563.00
1214,UM812,UM812-03-DWV,White (DWV),A,1015.00,762.00
1214,UM812,UM812-03-DWV,White (DWV),Awning,1745.00,1309.00
1214,UM812,UM812-03-DWV,White (DWV),C,830.00,623.00
140,UM812,UM812-03-SWV,White (SWV),A,945.00,709.00
140,UM812,UM812-03-SWV,White (SWV),Awning,1555.00,1167.00
140,UM812,UM812-03-SWV,White (SWV),C,750.00,563.00
1211,UM840,UM840-09-DWV,Black (DWV),A,745.00,559.00
1211,UM840,UM840-09-DWV,Black (DWV),Awning,1265.00,949.00
1211,UM840,UM840-09-DWV,Black (DWV),C,560.00,420.00
134,UM840,UM840-09-SWV,Black (SWV),A,715.00,537.00
134,UM840,UM840-09-SWV,Black (SWV),Awning,1130.00,848.00
134,UM840,UM840-09-SWV,Black (SWV),C,520.00,390.00
1210,UM840,UM840-00-DWV,Bronze (DWV),A,745.00,559.00
1210,UM840,UM840-00-DWV,Bronze (DWV),Awning,1265.00,949.00
1210,UM840,UM840-00-DWV,Bronze (DWV),C,560.00,420.00
133,UM840,UM840-00-SWV,Bronze (SWV),A,715.00,537.00
133,UM840,UM840-00-SWV,Bronze (SWV),Awning,1130.00,848.00
133,UM840,UM840-00-SWV,Bronze (SWV),C,520.00,390.00
1209,UM840,UM840-SS-DWV,Silver Shadow (DWV),A,760.00,570.00
1209,UM840,UM840-SS-DWV,Silver Shadow (DWV),Awning,1295.00,972.00
1209,UM840,UM840-SS-DWV,Silver Shadow (DWV),C,575.00,432.00
132,UM840,UM840-SS-SWV,Silver Shadow (SWV),A,735.00,552.00
132,UM840,UM840-SS-SWV,Silver Shadow (SWV),Awning,1165.00,874.00
132,UM840,UM840-SS-SWV,Silver Shadow (SWV),C,540.00,405.00
1208,UM841,UM841-09-DWV,Black (DWV),A,1045.00,784.00
1208,UM841,UM841-09-DWV,Black (DWV),Awning,1655.00,1242.00
1208,UM841,UM841-09-DWV,Black (DWV),C,855.00,642.00
131,UM841,UM841-09-SWV,Black (SWV),A,975.00,732.00
131,UM841,UM841-09-SWV,Black (SWV),Awning,1430.00,1073.00
131,UM841,UM841-09-SWV,Black (SWV),C,770.00,578.00
1207,UM841,UM841-00-DWV,Bronze (DWV),A,1045.00,784.00
1207,UM841,UM841-00-DWV,Bronze (DWV),Awning,1655.00,1242.00
1207,UM841,UM841-00-DWV,Bronze (DWV),C,855.00,642.00
130,UM841,UM841-00-SWV,Bronze (SWV),A,975.00,732.00
130,UM841,UM841-00-SWV,Bronze (SWV),Awning,1430.00,1073.00
130,UM841,UM841-00-SWV,Bronze (SWV),C,770.00,578.00
1206,UM841,UM841-SS-DWV,Silver Shadow (DWV),A,1095.00,822.00
1206,UM841,UM841-SS-DWV,Silver Shadow (DWV),Awning,1730.00,1298.00
1206,UM841,UM841-SS-DWV,Silver Shadow (DWV),C,900.00,675.00
129,UM841,UM841-SS-SWV,Silver Shadow (SWV),A,1025.00,769.00
129,UM841,UM841-SS-SWV,Silver Shadow (SWV),Awning,1480.00,1110.00
129,UM841,UM841-SS-SWV,Silver Shadow (SWV),C,810.00,608.00
1263,UM847SQ,UM847SQ-09-SWV,Black (SWV),A,700.00,525.00
1263,UM847SQ,UM847SQ-09-SWV,Black (SWV),Awning,1060.00,795.00
1263,UM847SQ,UM847SQ-09-SWV,Black (SWV),C,480.00,360.00
1262,UM847SQ,UM847SQ-00-SWV,Bronze (SWV),A,700.00,525.00
1262,UM847SQ,UM847SQ-00-SWV,Bronze (SWV),Awning,1060.00,795.00
1262,UM847SQ,UM847SQ-00-SWV,Bronze (SWV),C,480.00,360.00
1264,UM847SQ,UM847SQ-SS-SWV,Silver Shadow (SWV),A,720.00,540.00
1264,UM847SQ,UM847SQ-SS-SWV,Silver Shadow (SWV),Awning,1090.00,818.00
1264,UM847SQ,UM847SQ-SS-SWV,Silver Shadow (SWV),C,505.00,379.00
1260,UM850,UM850-02-SWV,Anthracite (SWV),A,875.00,657.00
1260,UM850,UM850-02-SWV,Anthracite (SWV),C,690.00,518.00
1261,UM850,UM850-03-SWV,White (SWV),A,875.00,657.00
1261,UM850,UM850-03-SWV,White (SWV),C,690.00,518.00
1258,UM851,UM851-02-SWV,Anthracite (SWV),A,1195.00,897.00
1258,UM851,UM851-02-SWV,Anthracite (SWV),C,980.00,735.00
1259,UM851,UM851-03-SWV,White (SWV),A,1195.00,897.00
1259,UM851,UM851-03-SWV,White (SWV),C,980.00,735.00
1266,UM8810RT,UM8810RT-02-SWV,Anthracite (SWV),A,875.00,657.00
1266,UM8810RT,UM8810RT-02-SWV,Anthracite (SWV),C,715.00,537.00
1268,UM8810RT,UM8810RT-09-SWV,Black (SWV),A,875.00,657.00
1268,UM8810RT,UM8810RT-09-SWV,Black (SWV),C,715.00,537.00
1265,UM8810RT,UM8810RT-00-SWV,Bronze (SWV),A,875.00,657.00
1265,UM8810RT,UM8810RT-00-SWV,Bronze (SWV),C,715.00,537.00
1267,UM8810RT,UM8810RT-03-SWV,White (SWV),A,875.00,657.00
1267,UM8810RT,UM8810RT-03-SWV,White (SWV),C,715.00,537.00
1273,UM907,UM907-09-SWV,Black (SWV),A,425.00,319.00
1273,UM907,UM907-09-SWV,Black (SWV),C,335.00,252.00
1271,UM907,UM907-00-SWV,Bronze (SWV),A,425.00,319.00
1271,UM907,UM907-00-SWV,Bronze (SWV),C,335.00,252.00
1272,UM907,UM907-03-SWV,White (SWV),A,425.00,319.00
1272,UM907,UM907-03-SWV,White (SWV),C,335.00,252.00
1225,UM920,UM920-02-DWV,Anthracite (DWV),A,565.00,424.00
1225,UM920,UM920-02-DWV,Anthracite (DWV),C,415.00,312.00
157,UM920,UM920-02-SWV,Anthracite (SWV),A,505.00,379.00
157,UM920,UM920-02-SWV,Anthracite (SWV),C,390.00,293.00
1227,UM920,UM920-09-DWV,Black (DWV),A,565.00,424.00
1227,UM920,UM920-09-DWV,Black (DWV),C,415.00,312.00
159,UM920,UM920-09-SWV,Black (SWV),A,505.00,379.00
159,UM920,UM920-09-SWV,Black (SWV),C,390.00,293.00
1224,UM920,UM920-00-DWV,Bronze (DWV),A,565.00,424.00
1224,UM920,UM920-00-DWV,Bronze (DWV),C,415.00,312.00
156,UM920,UM920-00-SWV,Bronze (SWV),A,505.00,379.00
156,UM920,UM920-00-SWV,Bronze (SWV),C,390.00,293.00
1226,UM920,UM920-03-DWV,White (DWV),A,565.00,424.00
1226,UM920,UM920-03-DWV,White (DWV),C,415.00,312.00
158,UM920,UM920-03-SWV,White (SWV),A,505.00,379.00
158,UM920,UM920-03-SWV,White (SWV),C,390.00,293.00
1223,UM970,UM970-09-DWV,Black (DWV),A,640.00,480.00
1223,UM970,UM970-09-DWV,Black (DWV),C,460.00,345.00
153,UM970,UM970-09-SWV,Black (SWV),A,580.00,435.00
153,UM970,UM970-09-SWV,Black (SWV),C,415.00,312.00
1222,UM970,UM970-00-DWV,Bronze (DWV),A,640.00,480.00
1222,UM970,UM970-00-DWV,Bronze (DWV),C,460.00,345.00
152,UM970,UM970-00-SWV,Bronze (SWV),A,580.00,435.00
152,UM970,UM970-00-SWV,Bronze (SWV),C,415.00,312.00
1270,UM977,UM977-09-SWV,Black (SWV),A,495.00,372.00
1270,UM977,UM977-09-SWV,Black (SWV),C,380.00,285.00
1269,UM977,UM977-00-SWV,Bronze (SWV),A,495.00,372.00
1269,UM977,UM977-00-SWV,Bronze (SWV),C,380.00,285.00
117,USA45-09,USA45-09,Black,A,1120.00,840.00
117,USA45-09,USA45-09,Black,C,890.00,668.00
