Product Name,Category,SKU / Model,Weight,Dimensions,Description,MSRP,Sale Price,Image Note
100A Round,Bases & Mounts,100A,100 lbs./45 kg.,"24""/61cm dia. x 3.5""/9cm",Aluminum concrete-filled shell with rear hooded wheels. Must be paired with 8ST (table) or 18ST (freestanding) stem. Premium aluminum base.,590,649,
100S Square,Bases & Mounts,100S,100 lbs./45 kg.,"29.25""/74cm x 19""/48cm x 1.5""/3.8cm dia. stem",Steel plate wheel base. Freestanding with wheels.,640,704,
150A Round,Bases & Mounts,150A,150 lbs./68 kg.,"30""/76cm dia. x 3.5""/9cm",Aluminum concrete-filled shell with rear hooded wheels. Must be paired with 18ST (freestanding or table) or 8ST (table) stem. Premium aluminum base.,970,1067,
23 Round,Bases & Mounts,23,80 lbs./36 kg.,"20""/50cm dia. x 11.5""/30cm x 1.5""/3.8cm dia. stem",Resin concrete base. Table use or freestanding.,234,258,
24G Square,Bases & Mounts,24G-SQ,100 lbs./45 kg.,"24""/61cm x 0.5""/12.7mm",Galvanized steel plate base. Cannot be stacked. Must be paired with 8ST (table) or 18ST (freestanding) stem.,780,858,
30G Round,Bases & Mounts,30G,100 lbs./45 kg.,"30""/76cm dia. x 0.5""/12.7mm",Galvanized steel plate base. Stackable up to 4 plates. Must be paired with 18ST (freestanding) or 8ST (table) stem.,860,946,
36G Round,Bases & Mounts,36G,150 lbs./68 kg.,"36""/91cm dia. x 0.5""/12.7mm",Galvanized steel plate base. Stackable up to 4 plates. Must be paired with 18ST stem.,1160,1276,
36G Square,Bases & Mounts,36G-SQ,200 lbs./90 kg.,"36""/91cm x 0.5""/12.7mm",Galvanized steel plate base. Freestanding use (+W-Kit). Must be paired with a stem.,1430,1573,
40G Round,Bases & Mounts,40G,185 lbs./83 kg.,"40""/101cm dia. x 0.5""/12.7mm",Galvanized steel plate base. Stackable up to 4 plates. Must be paired with a stem.,1430,1573,
480 Square (Classic),Bases & Mounts,480,80 lbs./36 kg. empty,"34""/86cm x 6.5""/16.5cm (wheels add 5""/12.7cm)",Powder coated aluminum cover. Includes wheels and feet. Pavers not included. Freestanding with 18ST stem. Minimum 480 lbs./217 kg. with pavers.,1380,1518,
75S Square,Bases & Mounts,75S,75 lbs./34 kg.,"24""/61cm x 16.5""/42cm x 1.5""/3.8cm dia. stem",Steel plate wheel base. Freestanding.,414,456,
20G Square,Bases & Mounts,20G-SQ,70 lbs./32 kg.,"20""/50cm x 0.5""/12.7mm",Galvanized steel plate base. Cannot be stacked. Table use with 8ST stem.,680,748,
24G Round,Bases & Mounts,24G,70 lbs./32 kg.,"24""/61cm dia. x 0.5""/12.7mm",Galvanized steel plate base. Stackable up to 4 plates. Table use with 8ST stem.,680,748,
50C Round,Bases & Mounts,50C,50 lbs./22 kg.,"16""/40cm dia. x 0.6""/15.2cm x 1.5""/3.8cm dia. pole",Resin concrete base. Table use.,108,119,
50S Steel Plate Base,Bases & Mounts,50S,50 lbs./22 kg.,"20""/50cm x 11""/28cm x 1.5""/3.8cm dia. stem",Steel plate base. Table use.,300,330,
18ST Stem,Bases & Mounts,18ST,,"18""/45cm x 1.5""/3.8cm dia.",Stainless steel freestanding stem. Not available in powder-coated finishes.,174,192,
8ST Stem,Bases & Mounts,8ST,,"8""/20cm x 1.5""/3.8cm dia.",Stainless steel table use stem. Not available in powder-coated finishes.,142,157,
18ST2 Stem (Classic),Bases & Mounts,18ST2,,"18""/45cm x 2""/5cm dia.",Stainless steel stem.,216,238,Primary image. Also used by: 18ST2 Stem (Giant)
HDW-Kit,Bases & Mounts,HDW-Kit,14 lbs./6 kg.,"5""/12.7cm",Heavy duty castor locking wheel kit. Adds wheels to 36G-SQ-Bottom.,280,308,
36G-SQx2,Bases & Mounts,36G-SQx2,400 lbs./181 kg.,"36""/91cm x 1""/2.5cm",Galvanized steel plate base. Freestanding (+W-Kit). Add wheels with +HDW-Kit. Required minimum galvanized stack for the Aurora Cantilever.,2540,2794,
36G-SQx3,Bases & Mounts,36G-SQx3,600 lbs./272 kg.,"36""/91cm x 1.5""/3.8cm",Galvanized steel plate. Freestanding. Required minimum galvanized stack for the Eclipse Cantilever.,3810,4191,
36G-SQx3 Square,Bases & Mounts,36G-SQx3-SQ,600 lbs./272 kg.,"36""/91cm x 6""/15.2cm",Galvanized steel plate base. Freestanding (+Wheel Kit HDW-K). Required minimum galvanized stack for Aurora & Eclipse Cantilever.,3810,4191,
40G+36G Round,Bases & Mounts,40G+36G,335 lbs./152 kg.,"40""/101cm x 1""/2.5cm",Galvanized steel stack base. Freestanding. Required minimum galvanized stack for the Aurora Cantilever.,2270,2497,
40Gx2 Round,Bases & Mounts,40Gx2,360 lbs./163 kg.,"40""/101cm x 1""/2.5cm",Galvanized steel stack base. Freestanding. Required minimum galvanized stack for the Aurora Cantilever.,2540,2794,
40Gx3 Round,Bases & Mounts,40Gx3,555 lbs./252 kg.,"40""/101cm x 1.5""/3.8cm",Galvanized steel stack base. Freestanding. Required minimum galvanized stack for Aurora and Eclipse Cantilever.,3810,4191,
40Gx4 Round,Bases & Mounts,40Gx4,740 lbs./335 kg.,"40""/101cm x 2""/5cm",Galvanized steel stack base. Freestanding.,5080,5588,
480 Square (Cantilever),Bases & Mounts,480-CAN,80 lbs./36 kg. empty,"34""/86cm x 6.5""/16.5cm (wheels add 5""/12.7cm)",Powder coated aluminum cover. Freestanding residential use. Pavers not included. Minimum 480 lbs./217 kg. with pavers.,1380,1518,
IG (Cantilever),Bases & Mounts,IG-CAN,18 lbs./8.5 kg.,"8.5""/21cm dia. x 14""/35cm",In-ground mount into soft soil or concrete. Installation materials not included.,280,308,"Primary image. Also used by: SS-DB (4), IG (Giant)"
DP,Bases & Mounts,DP,12 lbs./5 kg.,"12.5""/32cm x 0.5""/12.7mm",Direct surface mounting plate. Stainless steel upgrade available (DP-SS). In-ground mounting into soft soil or concrete. Installation hardware not included.,230,253,Primary image. Also used by: DP-SS (Cantilever)
DP-SS (Cantilever),Bases & Mounts,DP-SS,12 lbs./5 kg.,"12""/30cm x 0.5""/12.7cm",Stainless steel surface mount deck plate. Installation hardware not included.,510,561,Shared image. Reuse image from: DP
SS-DB (4),Bases & Mounts,SS-DB (4),,"3.5"" x 0.5""/8.9cm x 12.7mm (ea.)",Stainless steel countersunk concrete wedge anchors. Qty. 4.,64,71,Shared image. Reuse image from: IG (Cantilever)
150A+18ST2 Round,Bases & Mounts,150A+18ST2,150 lbs./68 kg.,"30""/76cm dia. x 3.5""/9cm x 18ST2 stem (18""/45cm x 2""/5cm dia.)",Aluminum concrete-filled shell with rear hooded wheels. Premium aluminum base.,970,1067,
36G+18ST2 Round,Bases & Mounts,36G+18ST2,150 lbs./68 kg.,"36""/91cm dia. x 1""/2.5cm x 18ST2 stem (18""/45cm x 2""/5cm dia.)",Galvanized steel plate base. Stackable up to 4 plates. Freestanding.,1160,1276,
36G-SQ+18ST2,Bases & Mounts,36G-SQ+18ST2,214 lbs./97 kg.,"36""/91cm x 6""/15.2cm x 18ST2 stem (18""/45cm x 2""/5cm dia.)",Galvanized steel plate. Freestanding (+W-Kit).,1430,1573,
40G+18ST2 Round,Bases & Mounts,40G+18ST2,185 lbs./84 kg.,"40""/101cm dia. x 1""/2.5cm x 18ST2 stem (18""/45cm x 2""/5cm dia.)",Galvanized steel plate base. Stackable up to 4 plates. Freestanding.,1430,1573,
480+18ST2 Square,Bases & Mounts,480+18ST2,80 lbs./36 kg. empty,"34""/86cm x 6.5""/16.5cm x 18ST2 stem (18""/45cm x 2""/5cm dia.)",Powder coated aluminum cover. Includes wheels. Pavers not included. Minimum 480 lbs./217 kg. with pavers. Freestanding.,1380,1518,
NGU-DP,Bases & Mounts,NGU-DP,20 lbs./9 kg.,"16""/40cm x 0.625""/1.58cm",Nova-specific surface mounting plate. In-ground mounting into soft soil or concrete. Installation hardware not included.,280,308,
NGU550,Bases & Mounts,NGU550,550 lbs./249 kg.,"45""/114cm x 0.5""/12.7mm",Nova-specific galvanized steel max base. Powder coated aluminum cover. Commercial use and large areas. Freestanding.,2540,2794,Primary image. Also used by: NGU550-L
NGU550-L,Bases & Mounts,NGU550-L,,"45""/114cm x 5""/12.7cm",Replacement aluminum top cover for NGU550. Brushed Silver standard; additional finishes available.,810,891,Shared image. Reuse image from: NGU550
BZ2-SM,Bases & Mounts,BZ2-SM,11 lbs./5 kg.,"16""/40cm x 2""/5cm dia.",In-ground sleeve installation with removable stem. Stainless steel upgrade available (BZ2-SS). Installation materials not included.,484,533,Primary image. Also used by: BZ2-SS Upgrade
BZ2-SS Upgrade,Bases & Mounts,BZ2-SS,,,Stainless steel bazooka stem upgrade. Add to BZ2-SM MSRP.,112,124,Shared image. Reuse image from: BZ2-SM
CMLK-SM,Bases & Mounts,CMLK-SM,9 lbs./4 kg.,"16""/40cm x 1.5""/3.8cm x 18""/45cm stem","Stainless steel surface mounting plate with attachable 18"" stem. Installation hardware not included.",306,337,
DP-ST (Giant),Bases & Mounts,DP-ST,5 lbs./2.25 kg.,"5""/12.7cm x 0.5""/12.7mm",Stainless steel surface mounting plate. For use only with stainless stems (8ST/18ST-2/MLA-8ST2). Free-standing surface mount.,160,176,
IG (Giant),Bases & Mounts,IG-GIANT,18 lbs./8.5 kg.,"8.5""/21cm dia. x 14""/35cm",In-ground mounting into soft soil or concrete. Installation materials not included.,280,308,Shared image. Reuse image from: IG (Cantilever)
IG-ST,Bases & Mounts,IG-ST,5 lbs./2.26 kg.,"4.9""/12.4cm x 6""/15.2cm",In-ground mounting into soft soil or concrete. For use only with stainless stems (8ST/18ST-2/MLA-8ST2). Installation materials not included.,205,226,"Primary image. Also used by: IG-ST (Marella), SS-DB (4) Marella"
18ST2 Stem (Giant),Bases & Mounts,18ST2,,"18""/45cm x 2""/5cm dia.",Stainless steel freestanding stem. Not available in powder-coated finishes.,216,238,Shared image. Reuse image from: 18ST2 Stem (Classic)
30G+24G-MLA Round,Bases & Mounts,30G+24G-MLA,170 lbs./77 kg.,"30""/76cm dia. x 1""/2.5cm",Galvanized steel plate base. A third plate equal to or greater than the bottom plate can be added. Freestanding. 4 plate stacks required.,1428,1571,
30G-MLA Round,Bases & Mounts,30G-MLA,100 lbs./45 kg.,"30""/76cm dia. x 0.5""/12.7mm",Galvanized steel plate. Stackable up to 4 plates. Must be paired with a stem. Freestanding. 4 plates required.,810,891,
30Gx2-MLA Round,Bases & Mounts,30Gx2-MLA,200 lbs./90 kg.,"30""/76cm dia. x 1""/2.5cm",Galvanized steel plate base. A third plate can be added. Freestanding. 4 plate stacks required.,1620,1782,
36G-MLA Round,Bases & Mounts,36G-MLA,150 lbs./63 kg.,"36""/91cm dia. x 0.5""/12.7mm",Galvanized steel plate. Stackable up to 4 plates. Must be paired with a stem. Freestanding. 4 plates required.,1110,1221,
36G-SQ-MLA,Bases & Mounts,36G-SQ-MLA,200 lbs./90 kg.,"36""/91cm x 0.5""/12.7mm",Galvanized steel plate. Freestanding. Wheels not recommended. 4 plates required.,1380,1518,
MLA-8ST2,Bases & Mounts,MLA-8ST2,,"8""/20cm x 2""/5cm dia.",Even pressure clamping plate. Security hitch pin. Marella stem included. Single replacement stem.,216,238,
DP-ST (Marella),Bases & Mounts,DP-ST-MLA,5 lbs./2.25 kg.,"5""/12.7cm x 0.5""/12.7mm",Stainless steel surface mounting plate. For use only with stainless stems (8ST/18ST-2/MLA-8ST2). Sold as 4 (required). Installation hardware not included.,640,704,
IG-ST (Marella),Bases & Mounts,IG-ST-MLA,5 lbs./2.26 kg.,"4.9""/12.4cm x 6""/15.2cm",In-ground mounting into soft soil or concrete. For use only with stainless stems (8ST/18ST-2/MLA-8ST2). Sold as 4 (required). Installation materials not included.,205,226,Shared image. Reuse image from: IG-ST
SS-DB (4) Marella,Bases & Mounts,SS-DB (4),,"3.5"" x 0.5""/91cm x 12.7mm (ea.)",Stainless steel countersunk anchors. Sold as 4 (16 required for full Marella installation).,64,71,Shared image. Reuse image from: IG-ST
Oakwood Beach Lounger,Beach,FC101,,,"Wooden beach lounger. Double marine spar varnish oak wood frame. Stainless steel hardware. 4 reclining positions. Hook-attachable/detachable foot rest. Seat width/depth: 14.5"" x 72"".",398,438,"Primary image. Also used by: Oakwood Beach Lounger (No Foot Rest), FC-TBL"
Oakwood Beach Lounger (No Foot Rest),Beach,FC101-NF,,,"Wooden beach lounger without foot rest. Double marine spar varnish oak wood frame. Stainless steel hardware. 4 reclining positions. Seat width/depth: 14.5"" x 17.25"".",366,403,Shared image. Reuse image from: Oakwood Beach Lounger
FC-TBL,Beach,FC-TBL,,"17""H x 16""W x 15""D",Oak wood folding side table with stainless steel hardware.,181,199,Shared image. Reuse image from: Oakwood Beach Lounger
Sand Anchor,Beach,Sand Anchor,,,Rust-proof aluminum beach umbrella anchor system. Holds umbrella poles secure in loose sand. Corrosion-resistant. For use with Monterey Beach umbrellas.,,,
Sand Auger,Beach,30-SA,4 lbs./2 kg.,"27"" x 1.5""/40cm x 68","Commercial beach umbrella drill bit auger. For use with 1.5"" diameter aluminum and 1.38"" ash wood bottom poles. Customer must drill hole to accommodate hitch pin.",157,173,
CB01 Carry Bag,Beach,CB01,,,Navy blue cotton drawstring carry bag for beach umbrellas.,34,38,
CB87 Clam Shell Beach Cabana,Beach,CB87,,"87""W x 59""H x 65""D",Concession grade folding beach cabana. Extruded aluminum frame. SS hardware. PVC pole stays. Olefin fabric. Carry bag included.,1227,1350,Primary image. Also used by: CB87-B-SS (2)
CB87-B-SS (2),Beach,CB87-B-SS (2),,"6.9"" x 3.5"" (1/2"" hardware)",Stainless steel hard surface mount L-brackets. Hardware not included. 4 needed per installation.,120,132,Shared image. Reuse image from: CB87 Clam Shell Beach Cabana
Protective Cover (Eclipse/Aurora),Accessories,ECU/ARU-PC,,,Black polyester protective cover for Eclipse and Aurora cantilever umbrellas.,150,165,"Primary image. Also used by: Protective Cover (NOVA), Protective Cover (G-Series/876), Protective Cover - Small (60"" rib), Protective Cover - Large (74"" rib), Vinyl Cover 6-8ft, Vinyl Cover 9-11ft, Sleeve Carry Bag (Greenwich/Monterey)"
Protective Cover (NOVA),Accessories,NGU-PC,,,Black polyester protective cover for NOVA giant telescoping umbrella.,396,436,Shared image. Reuse image from: Protective Cover (Eclipse/Aurora)
Protective Cover (G-Series/876),Accessories,GS/876-PC,,,Black polyester protective cover for G-Series/Monterey 876FMA and 882FMC umbrellas.,150,165,Shared image. Reuse image from: Protective Cover (Eclipse/Aurora)
"Protective Cover - Small (60"" rib)",Accessories,PC-SM,,,"60"" rib length black polyester protective cover. Fits 845/854/454-SQ Greenwich/Monterey/Catalina/Laurel.",116,128,Shared image. Reuse image from: Protective Cover (Eclipse/Aurora)
"Protective Cover - Large (74"" rib)",Accessories,PC-LG,,,"74"" rib length black polyester protective cover. Fits 864/864-SQ Greenwich/Monterey/Catalina/Laurel.",129,142,Shared image. Reuse image from: Protective Cover (Eclipse/Aurora)
Vinyl Cover 6-8ft,Accessories,1170,,"6'-8""",Vinyl protective cover for 6 to 8 foot umbrellas.,70,77,Shared image. Reuse image from: Protective Cover (Eclipse/Aurora)
Vinyl Cover 9-11ft,Accessories,1174,,"9'-11""",Vinyl protective cover for 9 to 11 foot umbrellas.,78,86,Shared image. Reuse image from: Protective Cover (Eclipse/Aurora)
Sleeve Carry Bag (Greenwich/Monterey),Accessories,MCB01,,,Black polyester sleeve carry bag for Greenwich/Monterey umbrellas.,75,83,Shared image. Reuse image from: Protective Cover (Eclipse/Aurora)
LED Light Clips,Accessories,LED01,,,LED light and charging kit. Ultra-thin clip-on under-canopy lighting. Lithium battery with up to 28 hours of warm ambient light. Built-in motion sensor.,99,109,"Primary image. Also used by: LED-C4 (Eclipse v4 Clip), LED-C3 (Monterey Clip), LED-C2 (Aurora-F/G-Series Clip), LED-C1 (Eclipse/Aurora/G-Series/Marella Clip)"
LED-C4 (Eclipse v4 Clip),Accessories,LED-C4,,,LED clip for Eclipse v4 Cantilever Umbrella.,9,10,Shared image. Reuse image from: LED Light Clips
LED-C3 (Monterey Clip),Accessories,LED-C3,,,Monterey rib attachment clip for LED lighting.,9,10,Shared image. Reuse image from: LED Light Clips
LED-C2 (Aurora-F/G-Series Clip),Accessories,LED-C2,,,Aurora-F and G-Series Monterey rib attachment clip for LED lighting.,9,10,Shared image. Reuse image from: LED Light Clips
LED-C1 (Eclipse/Aurora/G-Series/Marella Clip),Accessories,LED-C1,,,LED clip for Eclipse/Aurora/G-Series Greenwich/Greenwich/Marella umbrellas.,9,10,Shared image. Reuse image from: LED Light Clips
Pagoda Shade Accent,Accessories,Pagoda Kit,,,Canopy shape enhancement system. Transforms umbrella into a pagoda silhouette. Compatible with Monterey Greenwich Giant Monterey Giant Greenwich Avalon and Catalina (octagon shape only).,,,
"Bar Height Bottom Pole (37"")",Accessories,37-BP,,"37""/94cm",Standard height flat bottom pole for Greenwich/Monterey/Catalina umbrellas.,35,39,"Primary image. Also used by: Bar Height Bottom Pole (47"")"
"Bar Height Bottom Pole (47"")",Accessories,47-BP,,"47""/119cm","Bar height flat bottom pole for Greenwich/Monterey/Catalina. Adds 10"" to overall clearance.",41,46,"Shared image. Reuse image from: Bar Height Bottom Pole (37"")"
