Product Name,Collection,URL,SKU,Shape / Size,Open Clearance,Closed Clearance,Overall Height,Mast Diameter,Bottom Pole Length,Crank Clearance,Hub Clearance,Open Depth,Mast Height,Upper Pole Length,Lower Pole Length,Weight,Frame Finishes,Features,Description
Greenwich Aluminum Market,Market Umbrellas,https://www.frankfordumbrellas.com/collections/market-umbrellas/greenwich-aluminum,845CAM,7.5' Octagon,"70""/177cm","44""/111cm","94""/238cm","1.5""/3.8cm","31.25""/79.4cm",,,,,,,20 lbs./9 kg.,BK Onyx | BZ Desert Bronze | MS Brushed Silver | SR Platinum | WG Golden Oak | WH Alpine White | HW Heather Willow | CB Carbon,"Smooth and effortless kernmantle Poly-Nylon woven rope double pulley system | Ergonomically designed ribs provide added strength | 1.5"" dia. x 1/8"" thick aluminum center pole | Bar height lower poles available (Adds 10"" to overall clearances and heights) | Stainless steel hardware throughout | Stainless steel canopy grommet attachment | Engineered to withstand sustained 30 mph winds","The Greenwich aluminum market umbrella is elegant, refined and sure to satisfy your need for shade in any upscale commercial or residential setting. Available in 5 sizes, there are options for any space and shade need. The easy glide pulley system allows for easy opening and closing. Its sturdy aluminum frame, polished silver finish, and solid marine chrome plated aluminum finial add the perfect touch to give your cherished outdoor space the enhanced appearance found at luxury resorts, hotels, and restaurants."
Greenwich Aluminum Market,Market Umbrellas,https://www.frankfordumbrellas.com/collections/market-umbrellas/greenwich-aluminum,854CAM,9' Octagon,"76""/193cm","42""/106cm","102""/259cm","1.5""/3.8cm","31.25""/79.4cm",,,,,,,22 lbs./10 kg.,BK Onyx | BZ Desert Bronze | MS Brushed Silver | SR Platinum | WG Golden Oak | WH Alpine White | HW Heather Willow | CB Carbon,"Smooth and effortless kernmantle Poly-Nylon woven rope double pulley system | Ergonomically designed ribs provide added strength | 1.5"" dia. x 1/8"" thick aluminum center pole | Bar height lower poles available (Adds 10"" to overall clearances and heights) | Stainless steel hardware throughout | Stainless steel canopy grommet attachment | Engineered to withstand sustained 30 mph winds","The Greenwich aluminum market umbrella is elegant, refined and sure to satisfy your need for shade in any upscale commercial or residential setting. Available in 5 sizes, there are options for any space and shade need. The easy glide pulley system allows for easy opening and closing. Its sturdy aluminum frame, polished silver finish, and solid marine chrome plated aluminum finial add the perfect touch to give your cherished outdoor space the enhanced appearance found at luxury resorts, hotels, and restaurants."
Greenwich Aluminum Market,Market Umbrellas,https://www.frankfordumbrellas.com/collections/market-umbrellas/greenwich-aluminum,864CAM,11' Octagon,"82""/208cm","40""/101cm","108""/274cm","1.5""/3.8cm","31.25""/79.4cm",,,,,,,26 lbs./12 kg.,BK Onyx | BZ Desert Bronze | MS Brushed Silver | SR Platinum | WG Golden Oak | WH Alpine White | HW Heather Willow | CB Carbon,"Smooth and effortless kernmantle Poly-Nylon woven rope double pulley system | Ergonomically designed ribs provide added strength | 1.5"" dia. x 1/8"" thick aluminum center pole | Bar height lower poles available (Adds 10"" to overall clearances and heights) | Stainless steel hardware throughout | Stainless steel canopy grommet attachment | Engineered to withstand sustained 30 mph winds","The Greenwich aluminum market umbrella is elegant, refined and sure to satisfy your need for shade in any upscale commercial or residential setting. Available in 5 sizes, there are options for any space and shade need. The easy glide pulley system allows for easy opening and closing. Its sturdy aluminum frame, polished silver finish, and solid marine chrome plated aluminum finial add the perfect touch to give your cherished outdoor space the enhanced appearance found at luxury resorts, hotels, and restaurants."
Greenwich Aluminum Market,Market Umbrellas,https://www.frankfordumbrellas.com/collections/market-umbrellas/greenwich-aluminum,454CAM-SQ,6.5' Square,"76""/193cm","42""/106cm","102""/259cm","1.5""/3.8cm","31.25""/79.4cm",,,,,,,18 lbs./8.5 kg.,BK Onyx | BZ Desert Bronze | MS Brushed Silver | SR Platinum | WG Golden Oak | WH Alpine White | HW Heather Willow | CB Carbon,"Smooth and effortless kernmantle Poly-Nylon woven rope double pulley system | Ergonomically designed ribs provide added strength | 1.5"" dia. x 1/8"" thick aluminum center pole | Bar height lower poles available (Adds 10"" to overall clearances and heights) | Stainless steel hardware throughout | Stainless steel canopy grommet attachment | Engineered to withstand sustained 30 mph winds","The Greenwich aluminum market umbrella is elegant, refined and sure to satisfy your need for shade in any upscale commercial or residential setting. Available in 5 sizes, there are options for any space and shade need. The easy glide pulley system allows for easy opening and closing. Its sturdy aluminum frame, polished silver finish, and solid marine chrome plated aluminum finial add the perfect touch to give your cherished outdoor space the enhanced appearance found at luxury resorts, hotels, and restaurants."
Greenwich Aluminum Market,Market Umbrellas,https://www.frankfordumbrellas.com/collections/market-umbrellas/greenwich-aluminum,864CAM-SQ,7.5' Square,"82""/208cm","40""/101cm","108""/274cm","1.5""/3.8cm","31.25""/79.4cm",,,,,,,24 lbs./11 kg.,BK Onyx | BZ Desert Bronze | MS Brushed Silver | SR Platinum | WG Golden Oak | WH Alpine White | HW Heather Willow | CB Carbon,"Smooth and effortless kernmantle Poly-Nylon woven rope double pulley system | Ergonomically designed ribs provide added strength | 1.5"" dia. x 1/8"" thick aluminum center pole | Bar height lower poles available (Adds 10"" to overall clearances and heights) | Stainless steel hardware throughout | Stainless steel canopy grommet attachment | Engineered to withstand sustained 30 mph winds","The Greenwich aluminum market umbrella is elegant, refined and sure to satisfy your need for shade in any upscale commercial or residential setting. Available in 5 sizes, there are options for any space and shade need. The easy glide pulley system allows for easy opening and closing. Its sturdy aluminum frame, polished silver finish, and solid marine chrome plated aluminum finial add the perfect touch to give your cherished outdoor space the enhanced appearance found at luxury resorts, hotels, and restaurants."
Monterey Fiberglass Market (Pulley Lift),Market Umbrellas,https://www.frankfordumbrellas.com/collections/market-umbrellas/monterey-fiberglass/pulley,845FM,7.5' Octagon,"70""/177cm","44""/111cm","94""/238cm","1.5""/3.8cm","31.25""/79.4cm",,,,,,,20 lbs./9 kg.,BK Onyx | BZ Desert Bronze | MS Brushed Silver | SR Platinum | WG Golden Oak | WH Alpine White | HW Heather Willow | CB Carbon,"Smooth and effortless kernmantle Poly-Nylon woven rope double pulley system | 1/2"" fiberglass ribs and struts for maximum strength and flexibility | 1.5"" diameter x 1/8"" thick center pole provides strength and durability | Bar height lower poles available (Adds 10"" to overall clearances and heights) | Stainless steel hardware throughout | 4-layer fabric protection and closed-stitching pocket | Engineered to withstand sustained 40 mph winds","This solid fiberglass market umbrella is manufactured using the most resilient materials available. The half-inch thick fiberglass ribs allow the frame to bend and flex easily in windy conditions, while the durable aluminum center pole, and maintenance-free resin and stainless-steel parts ensure this umbrella will provide years of worry-free shade. Available in five sizes and eight beautiful frame finishes, the Monterey is designed to allow you to bring commercial durability home to your cherished outdoor living space."
Monterey Fiberglass Market (Pulley Lift),Market Umbrellas,https://www.frankfordumbrellas.com/collections/market-umbrellas/monterey-fiberglass/pulley,854FM,9' Octagon,"76""/193cm","42""/106cm","102""/259cm","1.5""/3.8cm","31.25""/79.4cm",,,,,,,22 lbs./10 kg.,BK Onyx | BZ Desert Bronze | MS Brushed Silver | SR Platinum | WG Golden Oak | WH Alpine White | HW Heather Willow | CB Carbon,"Smooth and effortless kernmantle Poly-Nylon woven rope double pulley system | 1/2"" fiberglass ribs and struts for maximum strength and flexibility | 1.5"" diameter x 1/8"" thick center pole provides strength and durability | Bar height lower poles available (Adds 10"" to overall clearances and heights) | Stainless steel hardware throughout | 4-layer fabric protection and closed-stitching pocket | Engineered to withstand sustained 40 mph winds","This solid fiberglass market umbrella is manufactured using the most resilient materials available. The half-inch thick fiberglass ribs allow the frame to bend and flex easily in windy conditions, while the durable aluminum center pole, and maintenance-free resin and stainless-steel parts ensure this umbrella will provide years of worry-free shade. Available in five sizes and eight beautiful frame finishes, the Monterey is designed to allow you to bring commercial durability home to your cherished outdoor living space."
Monterey Fiberglass Market (Pulley Lift),Market Umbrellas,https://www.frankfordumbrellas.com/collections/market-umbrellas/monterey-fiberglass/pulley,864FM,11' Octagon,"82""/208cm","40""/101cm","108""/274cm","1.5""/3.8cm","31.25""/79.4cm",,,,,,,26 lbs./12 kg.,BK Onyx | BZ Desert Bronze | MS Brushed Silver | SR Platinum | WG Golden Oak | WH Alpine White | HW Heather Willow | CB Carbon,"Smooth and effortless kernmantle Poly-Nylon woven rope double pulley system | 1/2"" fiberglass ribs and struts for maximum strength and flexibility | 1.5"" diameter x 1/8"" thick center pole provides strength and durability | Bar height lower poles available (Adds 10"" to overall clearances and heights) | Stainless steel hardware throughout | 4-layer fabric protection and closed-stitching pocket | Engineered to withstand sustained 40 mph winds","This solid fiberglass market umbrella is manufactured using the most resilient materials available. The half-inch thick fiberglass ribs allow the frame to bend and flex easily in windy conditions, while the durable aluminum center pole, and maintenance-free resin and stainless-steel parts ensure this umbrella will provide years of worry-free shade. Available in five sizes and eight beautiful frame finishes, the Monterey is designed to allow you to bring commercial durability home to your cherished outdoor living space."
Monterey Fiberglass Market (Pulley Lift),Market Umbrellas,https://www.frankfordumbrellas.com/collections/market-umbrellas/monterey-fiberglass/pulley,454FM-SQ,6.5' Square,"76""/193cm","42""/106cm","102""/259cm","1.5""/3.8cm","31.25""/79.4cm",,,,,,,18 lbs./8.5 kg.,BK Onyx | BZ Desert Bronze | MS Brushed Silver | SR Platinum | WG Golden Oak | WH Alpine White | HW Heather Willow | CB Carbon,"Smooth and effortless kernmantle Poly-Nylon woven rope double pulley system | 1/2"" fiberglass ribs and struts for maximum strength and flexibility | 1.5"" diameter x 1/8"" thick center pole provides strength and durability | Bar height lower poles available (Adds 10"" to overall clearances and heights) | Stainless steel hardware throughout | 4-layer fabric protection and closed-stitching pocket | Engineered to withstand sustained 40 mph winds","This solid fiberglass market umbrella is manufactured using the most resilient materials available. The half-inch thick fiberglass ribs allow the frame to bend and flex easily in windy conditions, while the durable aluminum center pole, and maintenance-free resin and stainless-steel parts ensure this umbrella will provide years of worry-free shade. Available in five sizes and eight beautiful frame finishes, the Monterey is designed to allow you to bring commercial durability home to your cherished outdoor living space."
Monterey Fiberglass Market (Pulley Lift),Market Umbrellas,https://www.frankfordumbrellas.com/collections/market-umbrellas/monterey-fiberglass/pulley,864FM-SQ,7.5' Square,"82""/208cm","40""/101cm","108""/274cm","1.5""/3.8cm","31.25""/79.4cm",,,,,,,24 lbs./11 kg.,BK Onyx | BZ Desert Bronze | MS Brushed Silver | SR Platinum | WG Golden Oak | WH Alpine White | HW Heather Willow | CB Carbon,"Smooth and effortless kernmantle Poly-Nylon woven rope double pulley system | 1/2"" fiberglass ribs and struts for maximum strength and flexibility | 1.5"" diameter x 1/8"" thick center pole provides strength and durability | Bar height lower poles available (Adds 10"" to overall clearances and heights) | Stainless steel hardware throughout | 4-layer fabric protection and closed-stitching pocket | Engineered to withstand sustained 40 mph winds","This solid fiberglass market umbrella is manufactured using the most resilient materials available. The half-inch thick fiberglass ribs allow the frame to bend and flex easily in windy conditions, while the durable aluminum center pole, and maintenance-free resin and stainless-steel parts ensure this umbrella will provide years of worry-free shade. Available in five sizes and eight beautiful frame finishes, the Monterey is designed to allow you to bring commercial durability home to your cherished outdoor living space."
Monterey Fiberglass Market (Crank Lift / No Tilt),Market Umbrellas,https://www.frankfordumbrellas.com/collections/market-umbrellas/monterey-fiberglass/crank-lift-no-tilt,845FMC,7.5' Octagon,"72""/182cm","49""/124cm","98""/248cm","1.5""/3.8cm","31.25""/79.4cm","36""/91cm",,,,,,18 lbs./8.5 kg.,BK Onyx | BZ Desert Bronze | MS Brushed Silver | SR Platinum | WG Golden Oak | WH Alpine White | HW Heather Willow | CB Carbon,"316L Stainless steel crank handle and axle | 1/2"" fiberglass ribs and struts for maximum strength and flexibility | 1.5"" diameter x 1/8"" thick center pole provides strength and durability | 550 Nylon Paracord | Bar height lower poles available (Adds 10"" to overall clearances and heights) | Stainless steel hardware throughout | 4-layer fabric protection and closed-stitching pocket | Engineered to withstand sustained 40 mph winds (882FMC-R: 25 mph)","This solid fiberglass market umbrella is manufactured using the most resilient materials available. The half-inch thick fiberglass ribs allow the frame to bend and flex easily in windy conditions, while the durable aluminum center pole, and maintenance-free resin and stainless-steel parts ensure this umbrella will provide years of worry-free shade. Available in five sizes and eight beautiful frame finishes, the Monterey is designed to allow you to bring commercial durability home to your cherished outdoor living space."
Monterey Fiberglass Market (Crank Lift / No Tilt),Market Umbrellas,https://www.frankfordumbrellas.com/collections/market-umbrellas/monterey-fiberglass/crank-lift-no-tilt,854FMC,9' Octagon,"79""/200cm","48""/121cm","107""/271cm","1.5""/3.8cm","31.25""/79.4cm","36""/91cm",,,,,,20 lbs./9 kg.,BK Onyx | BZ Desert Bronze | MS Brushed Silver | SR Platinum | WG Golden Oak | WH Alpine White | HW Heather Willow | CB Carbon,"316L Stainless steel crank handle and axle | 1/2"" fiberglass ribs and struts for maximum strength and flexibility | 1.5"" diameter x 1/8"" thick center pole provides strength and durability | 550 Nylon Paracord | Bar height lower poles available (Adds 10"" to overall clearances and heights) | Stainless steel hardware throughout | 4-layer fabric protection and closed-stitching pocket | Engineered to withstand sustained 40 mph winds (882FMC-R: 25 mph)","This solid fiberglass market umbrella is manufactured using the most resilient materials available. The half-inch thick fiberglass ribs allow the frame to bend and flex easily in windy conditions, while the durable aluminum center pole, and maintenance-free resin and stainless-steel parts ensure this umbrella will provide years of worry-free shade. Available in five sizes and eight beautiful frame finishes, the Monterey is designed to allow you to bring commercial durability home to your cherished outdoor living space."
Monterey Fiberglass Market (Crank Lift / No Tilt),Market Umbrellas,https://www.frankfordumbrellas.com/collections/market-umbrellas/monterey-fiberglass/crank-lift-no-tilt,864FMC,11' Octagon,"87""/221cm","41""/104cm","107""/271cm","1.5""/3.8cm","31.25""/79.4cm","36""/91cm",,,,,,24 lbs./11 kg.,BK Onyx | BZ Desert Bronze | MS Brushed Silver | SR Platinum | WG Golden Oak | WH Alpine White | HW Heather Willow | CB Carbon,"316L Stainless steel crank handle and axle | 1/2"" fiberglass ribs and struts for maximum strength and flexibility | 1.5"" diameter x 1/8"" thick center pole provides strength and durability | 550 Nylon Paracord | Bar height lower poles available (Adds 10"" to overall clearances and heights) | Stainless steel hardware throughout | 4-layer fabric protection and closed-stitching pocket | Engineered to withstand sustained 40 mph winds (882FMC-R: 25 mph)","This solid fiberglass market umbrella is manufactured using the most resilient materials available. The half-inch thick fiberglass ribs allow the frame to bend and flex easily in windy conditions, while the durable aluminum center pole, and maintenance-free resin and stainless-steel parts ensure this umbrella will provide years of worry-free shade. Available in five sizes and eight beautiful frame finishes, the Monterey is designed to allow you to bring commercial durability home to your cherished outdoor living space."
Monterey Fiberglass Market (Crank Lift / No Tilt),Market Umbrellas,https://www.frankfordumbrellas.com/collections/market-umbrellas/monterey-fiberglass/crank-lift-no-tilt,454FMC-SQ,6.5' Square,"79""/200cm","48""/121cm","107""/271cm","1.5""/3.8cm","31.25""/79.4cm","36""/91cm",,,,,,16 lbs./7 kg.,BK Onyx | BZ Desert Bronze | MS Brushed Silver | SR Platinum | WG Golden Oak | WH Alpine White | HW Heather Willow | CB Carbon,"316L Stainless steel crank handle and axle | 1/2"" fiberglass ribs and struts for maximum strength and flexibility | 1.5"" diameter x 1/8"" thick center pole provides strength and durability | 550 Nylon Paracord | Bar height lower poles available (Adds 10"" to overall clearances and heights) | Stainless steel hardware throughout | 4-layer fabric protection and closed-stitching pocket | Engineered to withstand sustained 40 mph winds (882FMC-R: 25 mph)","This solid fiberglass market umbrella is manufactured using the most resilient materials available. The half-inch thick fiberglass ribs allow the frame to bend and flex easily in windy conditions, while the durable aluminum center pole, and maintenance-free resin and stainless-steel parts ensure this umbrella will provide years of worry-free shade. Available in five sizes and eight beautiful frame finishes, the Monterey is designed to allow you to bring commercial durability home to your cherished outdoor living space."
Monterey Fiberglass Market (Crank Lift / No Tilt),Market Umbrellas,https://www.frankfordumbrellas.com/collections/market-umbrellas/monterey-fiberglass/crank-lift-no-tilt,864FMC-SQ,7.5' Square,"87""/221cm","41""/104cm","107""/271cm","1.5""/3.8cm","31.25""/79.4cm","36""/91cm",,,,,,21 lbs./9.5 kg.,BK Onyx | BZ Desert Bronze | MS Brushed Silver | SR Platinum | WG Golden Oak | WH Alpine White | HW Heather Willow | CB Carbon,"316L Stainless steel crank handle and axle | 1/2"" fiberglass ribs and struts for maximum strength and flexibility | 1.5"" diameter x 1/8"" thick center pole provides strength and durability | 550 Nylon Paracord | Bar height lower poles available (Adds 10"" to overall clearances and heights) | Stainless steel hardware throughout | 4-layer fabric protection and closed-stitching pocket | Engineered to withstand sustained 40 mph winds (882FMC-R: 25 mph)","This solid fiberglass market umbrella is manufactured using the most resilient materials available. The half-inch thick fiberglass ribs allow the frame to bend and flex easily in windy conditions, while the durable aluminum center pole, and maintenance-free resin and stainless-steel parts ensure this umbrella will provide years of worry-free shade. Available in five sizes and eight beautiful frame finishes, the Monterey is designed to allow you to bring commercial durability home to your cherished outdoor living space."
Monterey Fiberglass Market (Crank Lift / No Tilt),Market Umbrellas,https://www.frankfordumbrellas.com/collections/market-umbrellas/monterey-fiberglass/crank-lift-no-tilt,882FMC-R,8.5/11' Rectangle,"94""/238cm","31.25""/79.4cm","120""/304cm","1.5""/3.8cm","31.25""/79.4cm","36""/91cm",,,,,,24 lbs./11 kg.,BK Onyx | BZ Desert Bronze | MS Brushed Silver | SR Platinum | WG Golden Oak | WH Alpine White | HW Heather Willow | CB Carbon,"316L Stainless steel crank handle and axle | 1/2"" fiberglass ribs and struts for maximum strength and flexibility | 1.5"" diameter x 1/8"" thick center pole provides strength and durability | 550 Nylon Paracord | Bar height lower poles available (Adds 10"" to overall clearances and heights) | Stainless steel hardware throughout | 4-layer fabric protection and closed-stitching pocket | Engineered to withstand sustained 40 mph winds (882FMC-R: 25 mph)","This solid fiberglass market umbrella is manufactured using the most resilient materials available. The half-inch thick fiberglass ribs allow the frame to bend and flex easily in windy conditions, while the durable aluminum center pole, and maintenance-free resin and stainless-steel parts ensure this umbrella will provide years of worry-free shade. Available in five sizes and eight beautiful frame finishes, the Monterey is designed to allow you to bring commercial durability home to your cherished outdoor living space."
Monterey Fiberglass Market (Crank Lift / Auto Tilt),Market Umbrellas,https://www.frankfordumbrellas.com/collections/market-umbrellas/monterey-fiberglass/crank-lift-auto-tilt,845FMA,7.5' Octagon,"72""/182cm","49""/124cm","98""/248cm","1.5""/3.8cm","31.25""/79.4cm","36""/91cm",,,,,,20 lbs./9 kg.,BK Onyx | BZ Desert Bronze | MS Brushed Silver | SR Platinum | WG Golden Oak | WH Alpine White | HW Heather Willow | CB Carbon,"316L Stainless steel crank handle and axle | Chrome plated zinc alloy auto tilt, 30 degree maximum tilt lockout | 1/2"" fiberglass ribs and struts for maximum strength and flexibility | 1.5"" diameter x 1/8"" thick center pole provides strength and durability | 550 Nylon Paracord | Bar height lower poles available (Adds 10"" to overall clearances and heights) | Stainless steel hardware throughout | 4-layer fabric protection and closed-stitching pocket | Engineered to withstand sustained 40 mph winds (876FMA-R: 25 mph)","This solid fiberglass market umbrella is manufactured using the most resilient materials available. The half-inch thick fiberglass ribs allow the frame to bend and flex easily in windy conditions, while the durable aluminum center pole, and maintenance-free resin and stainless-steel parts ensure this umbrella will provide years of worry-free shade. Available in five sizes and eight beautiful frame finishes, the Monterey is designed to allow you to bring commercial durability home to your cherished outdoor living space."
Monterey Fiberglass Market (Crank Lift / Auto Tilt),Market Umbrellas,https://www.frankfordumbrellas.com/collections/market-umbrellas/monterey-fiberglass/crank-lift-auto-tilt,854FMA,9' Octagon,"79""/200cm","48""/121cm","107""/271cm","1.5""/3.8cm","31.25""/79.4cm","36""/91cm",,,,,,22 lbs./10 kg.,BK Onyx | BZ Desert Bronze | MS Brushed Silver | SR Platinum | WG Golden Oak | WH Alpine White | HW Heather Willow | CB Carbon,"316L Stainless steel crank handle and axle | Chrome plated zinc alloy auto tilt, 30 degree maximum tilt lockout | 1/2"" fiberglass ribs and struts for maximum strength and flexibility | 1.5"" diameter x 1/8"" thick center pole provides strength and durability | 550 Nylon Paracord | Bar height lower poles available (Adds 10"" to overall clearances and heights) | Stainless steel hardware throughout | 4-layer fabric protection and closed-stitching pocket | Engineered to withstand sustained 40 mph winds (876FMA-R: 25 mph)","This solid fiberglass market umbrella is manufactured using the most resilient materials available. The half-inch thick fiberglass ribs allow the frame to bend and flex easily in windy conditions, while the durable aluminum center pole, and maintenance-free resin and stainless-steel parts ensure this umbrella will provide years of worry-free shade. Available in five sizes and eight beautiful frame finishes, the Monterey is designed to allow you to bring commercial durability home to your cherished outdoor living space."
Monterey Fiberglass Market (Crank Lift / Auto Tilt),Market Umbrellas,https://www.frankfordumbrellas.com/collections/market-umbrellas/monterey-fiberglass/crank-lift-auto-tilt,864FMA,11' Octagon,"87""/221cm","41""/104cm","107""/271cm","1.5""/3.8cm","31.25""/79.4cm","36""/91cm",,,,,,26 lbs./12 kg.,BK Onyx | BZ Desert Bronze | MS Brushed Silver | SR Platinum | WG Golden Oak | WH Alpine White | HW Heather Willow | CB Carbon,"316L Stainless steel crank handle and axle | Chrome plated zinc alloy auto tilt, 30 degree maximum tilt lockout | 1/2"" fiberglass ribs and struts for maximum strength and flexibility | 1.5"" diameter x 1/8"" thick center pole provides strength and durability | 550 Nylon Paracord | Bar height lower poles available (Adds 10"" to overall clearances and heights) | Stainless steel hardware throughout | 4-layer fabric protection and closed-stitching pocket | Engineered to withstand sustained 40 mph winds (876FMA-R: 25 mph)","This solid fiberglass market umbrella is manufactured using the most resilient materials available. The half-inch thick fiberglass ribs allow the frame to bend and flex easily in windy conditions, while the durable aluminum center pole, and maintenance-free resin and stainless-steel parts ensure this umbrella will provide years of worry-free shade. Available in five sizes and eight beautiful frame finishes, the Monterey is designed to allow you to bring commercial durability home to your cherished outdoor living space."
Monterey Fiberglass Market (Crank Lift / Auto Tilt),Market Umbrellas,https://www.frankfordumbrellas.com/collections/market-umbrellas/monterey-fiberglass/crank-lift-auto-tilt,454FMA-SQ,6.5' Square,"79""/200cm","48""/121cm","107""/271cm","1.5""/3.8cm","31.25""/79.4cm","36""/91cm",,,,,,18 lbs./8.5 kg.,BK Onyx | BZ Desert Bronze | MS Brushed Silver | SR Platinum | WG Golden Oak | WH Alpine White | HW Heather Willow | CB Carbon,"316L Stainless steel crank handle and axle | Chrome plated zinc alloy auto tilt, 30 degree maximum tilt lockout | 1/2"" fiberglass ribs and struts for maximum strength and flexibility | 1.5"" diameter x 1/8"" thick center pole provides strength and durability | 550 Nylon Paracord | Bar height lower poles available (Adds 10"" to overall clearances and heights) | Stainless steel hardware throughout | 4-layer fabric protection and closed-stitching pocket | Engineered to withstand sustained 40 mph winds (876FMA-R: 25 mph)","This solid fiberglass market umbrella is manufactured using the most resilient materials available. The half-inch thick fiberglass ribs allow the frame to bend and flex easily in windy conditions, while the durable aluminum center pole, and maintenance-free resin and stainless-steel parts ensure this umbrella will provide years of worry-free shade. Available in five sizes and eight beautiful frame finishes, the Monterey is designed to allow you to bring commercial durability home to your cherished outdoor living space."
Monterey Fiberglass Market (Crank Lift / Auto Tilt),Market Umbrellas,https://www.frankfordumbrellas.com/collections/market-umbrellas/monterey-fiberglass/crank-lift-auto-tilt,864FMA-SQ,7.5' Square,"87""/221cm","41""/104cm","107""/271cm","1.5""/3.8cm","31.25""/79.4cm","36""/91cm",,,,,,24 lbs./11 kg.,BK Onyx | BZ Desert Bronze | MS Brushed Silver | SR Platinum | WG Golden Oak | WH Alpine White | HW Heather Willow | CB Carbon,"316L Stainless steel crank handle and axle | Chrome plated zinc alloy auto tilt, 30 degree maximum tilt lockout | 1/2"" fiberglass ribs and struts for maximum strength and flexibility | 1.5"" diameter x 1/8"" thick center pole provides strength and durability | 550 Nylon Paracord | Bar height lower poles available (Adds 10"" to overall clearances and heights) | Stainless steel hardware throughout | 4-layer fabric protection and closed-stitching pocket | Engineered to withstand sustained 40 mph winds (876FMA-R: 25 mph)","This solid fiberglass market umbrella is manufactured using the most resilient materials available. The half-inch thick fiberglass ribs allow the frame to bend and flex easily in windy conditions, while the durable aluminum center pole, and maintenance-free resin and stainless-steel parts ensure this umbrella will provide years of worry-free shade. Available in five sizes and eight beautiful frame finishes, the Monterey is designed to allow you to bring commercial durability home to your cherished outdoor living space."
Monterey Fiberglass Market (Crank Lift / Auto Tilt),Market Umbrellas,https://www.frankfordumbrellas.com/collections/market-umbrellas/monterey-fiberglass/crank-lift-auto-tilt,876FMA-R,8.5/11' Rectangle (Residential Only),"88""/223cm","39""/99cm","107""/271cm","1.5""/3.8cm","31.25""/79.4cm","36""/91cm",,,,,,28 lbs./12.7 kg.,BK Onyx | BZ Desert Bronze | MS Brushed Silver | SR Platinum | WG Golden Oak | WH Alpine White | HW Heather Willow | CB Carbon,"316L Stainless steel crank handle and axle | Chrome plated zinc alloy auto tilt, 30 degree maximum tilt lockout | 1/2"" fiberglass ribs and struts for maximum strength and flexibility | 1.5"" diameter x 1/8"" thick center pole provides strength and durability | 550 Nylon Paracord | Bar height lower poles available (Adds 10"" to overall clearances and heights) | Stainless steel hardware throughout | 4-layer fabric protection and closed-stitching pocket | Engineered to withstand sustained 40 mph winds (876FMA-R: 25 mph)","This solid fiberglass market umbrella is manufactured using the most resilient materials available. The half-inch thick fiberglass ribs allow the frame to bend and flex easily in windy conditions, while the durable aluminum center pole, and maintenance-free resin and stainless-steel parts ensure this umbrella will provide years of worry-free shade. Available in five sizes and eight beautiful frame finishes, the Monterey is designed to allow you to bring commercial durability home to your cherished outdoor living space."
Greenwich Giant Market,Giant Umbrellas,https://www.frankfordumbrellas.com/collections/giant-umbrellas/giant-greenwich,880CAM,13' Octagon,"87""/221cm","30.5""/77cm","112.5""/285cm","2""/5cm",,,,,,,,47 lbs./21 kg.,BK Onyx | BZ Desert Bronze | MS Brushed Silver | SR Platinum | WG Golden Oak | WH Alpine White | HW Heather Willow | CB Carbon,"Smooth and effortless kernmantle Poly-Nylon woven rope double pulley system | Ergonomically designed ribs provide added strength | 2"" dia. x 3.2mm thick aluminum center pole | Stainless steel hardware throughout | Stainless steel canopy grommet attachment | Engineered to withstand sustained 35 mph winds","The G-Series Greenwich is polished, refined and has redefined the aluminum market umbrella. This stylish, well-designed frame is manufactured using a single 2"" diameter aluminum center post with a 3 mm wall thickness, increasing lateral strength for locations susceptible to more than gentle winds. Its polished silver anodized finish and solid marine chrome plated aluminum finial offer the perfect finishing touch to any upscale environment."
Greenwich Giant Market,Giant Umbrellas,https://www.frankfordumbrellas.com/collections/giant-umbrellas/giant-greenwich,883CAM-SQ,10' Square,"85.5""/217cm","28""/71cm","112.5""/285cm","2""/5cm",,,,,,,,43 lbs./19.5 kg.,BK Onyx | BZ Desert Bronze | MS Brushed Silver | SR Platinum | WG Golden Oak | WH Alpine White | HW Heather Willow | CB Carbon,"Smooth and effortless kernmantle Poly-Nylon woven rope double pulley system | Ergonomically designed ribs provide added strength | 2"" dia. x 3.2mm thick aluminum center pole | Stainless steel hardware throughout | Stainless steel canopy grommet attachment | Engineered to withstand sustained 35 mph winds","The G-Series Greenwich is polished, refined and has redefined the aluminum market umbrella. This stylish, well-designed frame is manufactured using a single 2"" diameter aluminum center post with a 3 mm wall thickness, increasing lateral strength for locations susceptible to more than gentle winds. Its polished silver anodized finish and solid marine chrome plated aluminum finial offer the perfect finishing touch to any upscale environment."
Greenwich Giant Market,Giant Umbrellas,https://www.frankfordumbrellas.com/collections/giant-umbrellas/giant-greenwich,882CAM-R,8.5/11' Rectangle,"88""/223cm","27""/68cm","112.5""/285cm","2""/5cm",,,,,,,,42 lbs./19 kg.,BK Onyx | BZ Desert Bronze | MS Brushed Silver | SR Platinum | WG Golden Oak | WH Alpine White | HW Heather Willow | CB Carbon,"Smooth and effortless kernmantle Poly-Nylon woven rope double pulley system | Ergonomically designed ribs provide added strength | 2"" dia. x 3.2mm thick aluminum center pole | Stainless steel hardware throughout | Stainless steel canopy grommet attachment | Engineered to withstand sustained 35 mph winds","The G-Series Greenwich is polished, refined and has redefined the aluminum market umbrella. This stylish, well-designed frame is manufactured using a single 2"" diameter aluminum center post with a 3 mm wall thickness, increasing lateral strength for locations susceptible to more than gentle winds. Its polished silver anodized finish and solid marine chrome plated aluminum finial offer the perfect finishing touch to any upscale environment."
Monterey Giant Market,Giant Umbrellas,https://www.frankfordumbrellas.com/collections/giant-umbrellas/giant-monterey,880FM,13' Octagon,"87""/221cm","30.5""/77cm","112.5""/285cm","2""/5cm",,,,,,,,47 lbs./21 kg.,BK Onyx | BZ Desert Bronze | MS Brushed Silver | SR Platinum | WG Golden Oak | WH Alpine White | HW Heather Willow | CB Carbon,"Smooth and effortless kernmantle Poly-Nylon woven rope double pulley system | .75"" (19mm) diameter fiberglass ribs | 2"" dia. x 3.2mm thick aluminum center pole | Stainless steel hardware throughout | Stainless steel canopy grommet attachment | Engineered to withstand sustained 35 mph winds","We took our renowned Monterey fiberglass market umbrella and maximized its potential. Now with a single 2"" diameter aluminum center post and superior 3/4"" thick fiberglass ribs, this impressive frame is sure to hold its beautiful aesthetic shape without sacrificing flexibility. Made with the same great dependable features, the G-Series Monterey is the best solution for maximum stylish shade."
Monterey Giant Market,Giant Umbrellas,https://www.frankfordumbrellas.com/collections/giant-umbrellas/giant-monterey,883FM-SQ,10' Square,"85.5""/217cm","28""/71cm","112.5""/285cm","2""/5cm",,,,,,,,43 lbs./19.5 kg.,BK Onyx | BZ Desert Bronze | MS Brushed Silver | SR Platinum | WG Golden Oak | WH Alpine White | HW Heather Willow | CB Carbon,"Smooth and effortless kernmantle Poly-Nylon woven rope double pulley system | .75"" (19mm) diameter fiberglass ribs | 2"" dia. x 3.2mm thick aluminum center pole | Stainless steel hardware throughout | Stainless steel canopy grommet attachment | Engineered to withstand sustained 35 mph winds","We took our renowned Monterey fiberglass market umbrella and maximized its potential. Now with a single 2"" diameter aluminum center post and superior 3/4"" thick fiberglass ribs, this impressive frame is sure to hold its beautiful aesthetic shape without sacrificing flexibility. Made with the same great dependable features, the G-Series Monterey is the best solution for maximum stylish shade."
Monterey Giant Market,Giant Umbrellas,https://www.frankfordumbrellas.com/collections/giant-umbrellas/giant-monterey,882FM-R,8.5x11' Rectangle,"88""/223cm","27""/68cm","112.5""/285cm","2""/5cm",,,,,,,,42 lbs./19 kg.,BK Onyx | BZ Desert Bronze | MS Brushed Silver | SR Platinum | WG Golden Oak | WH Alpine White | HW Heather Willow | CB Carbon,"Smooth and effortless kernmantle Poly-Nylon woven rope double pulley system | .75"" (19mm) diameter fiberglass ribs | 2"" dia. x 3.2mm thick aluminum center pole | Stainless steel hardware throughout | Stainless steel canopy grommet attachment | Engineered to withstand sustained 35 mph winds","We took our renowned Monterey fiberglass market umbrella and maximized its potential. Now with a single 2"" diameter aluminum center post and superior 3/4"" thick fiberglass ribs, this impressive frame is sure to hold its beautiful aesthetic shape without sacrificing flexibility. Made with the same great dependable features, the G-Series Monterey is the best solution for maximum stylish shade."
Aurora Cantilever,Cantilever Umbrellas,https://www.frankfordumbrellas.com/collections/cantilever-umbrellas/aurora,868ARU,11' Octagon,,"39""/100cm",,"2.75""x4""/7x10cm",,"27.7""/70cm","82""/208cm","144.7""/368cm","110.6""/281cm",,,95 lbs./43 kg.,BK Onyx | HW Heather Willow | MS Brushed Silver | BZ Desert Bronze | WG Golden Oak | WH Alpine White | CB Carbon,360 degree mast rotation (16 locking positions every 22.5 degrees) | Canopy Infinity Tilt provides countless hours of maximum shade | Automatic tilt locking for safety | Smooth commercially rated crank lift operation | Extruded aluminum mast and ribs | Stainless steel hardware throughout | Black Polyester Protective Cover Bag included | Engineered to withstand sustained 25 mph winds | Included Wind Stabilization Kit adds 5 mph,Maximize your space without a traditional center post. The Aurora is manufactured using industry best materials and fabric available to provide many years of trouble-free use and enjoyment. Its Infinity Tilt allows you to change positions effortlessly. This modern cantilever is suitable for use in low to moderate wind conditions and ensures hours of protection from the sun and light rain.
Aurora Cantilever,Cantilever Umbrellas,https://www.frankfordumbrellas.com/collections/cantilever-umbrellas/aurora,880ARU,13' Octagon,,"32""/81cm",,"2.75""x4""/7x10cm",,"24.9""/63cm","81""/206cm","163""/414cm","110.6""/281cm",,,97 lbs./44 kg.,BK Onyx | HW Heather Willow | MS Brushed Silver | BZ Desert Bronze | WG Golden Oak | WH Alpine White | CB Carbon,360 degree mast rotation (16 locking positions every 22.5 degrees) | Canopy Infinity Tilt provides countless hours of maximum shade | Automatic tilt locking for safety | Smooth commercially rated crank lift operation | Extruded aluminum mast and ribs | Stainless steel hardware throughout | Black Polyester Protective Cover Bag included | Engineered to withstand sustained 25 mph winds | Included Wind Stabilization Kit adds 5 mph,Maximize your space without a traditional center post. The Aurora is manufactured using industry best materials and fabric available to provide many years of trouble-free use and enjoyment. Its Infinity Tilt allows you to change positions effortlessly. This modern cantilever is suitable for use in low to moderate wind conditions and ensures hours of protection from the sun and light rain.
Aurora Cantilever,Cantilever Umbrellas,https://www.frankfordumbrellas.com/collections/cantilever-umbrellas/aurora,883ARU-SQ,10' Square,,"27""/68cm",,"2.75""x4""/7x10cm",,"27.7""/70cm","84""/213cm","133.5""/339cm","110.6""/281cm",,,94 lbs./43 kg.,BK Onyx | HW Heather Willow | MS Brushed Silver | BZ Desert Bronze | WG Golden Oak | WH Alpine White | CB Carbon,360 degree mast rotation (16 locking positions every 22.5 degrees) | Canopy Infinity Tilt provides countless hours of maximum shade | Automatic tilt locking for safety | Smooth commercially rated crank lift operation | Extruded aluminum mast and ribs | Stainless steel hardware throughout | Black Polyester Protective Cover Bag included | Engineered to withstand sustained 25 mph winds | Included Wind Stabilization Kit adds 5 mph,Maximize your space without a traditional center post. The Aurora is manufactured using industry best materials and fabric available to provide many years of trouble-free use and enjoyment. Its Infinity Tilt allows you to change positions effortlessly. This modern cantilever is suitable for use in low to moderate wind conditions and ensures hours of protection from the sun and light rain.
Aurora Cantilever,Cantilever Umbrellas,https://www.frankfordumbrellas.com/collections/cantilever-umbrellas/aurora,882ARU-R,8.5x11' Rectangle,,"27.4""/70cm",,"2.75""x4""/7x10cm",,"27.7""/70cm","84.6""/215cm","111.9""/284cm","110.6""/281cm",,,93.5 lbs./42.5 kg.,BK Onyx | HW Heather Willow | MS Brushed Silver | BZ Desert Bronze | WG Golden Oak | WH Alpine White | CB Carbon,360 degree mast rotation (16 locking positions every 22.5 degrees) | Canopy Infinity Tilt provides countless hours of maximum shade | Automatic tilt locking for safety | Smooth commercially rated crank lift operation | Extruded aluminum mast and ribs | Stainless steel hardware throughout | Black Polyester Protective Cover Bag included | Engineered to withstand sustained 25 mph winds | Included Wind Stabilization Kit adds 5 mph,Maximize your space without a traditional center post. The Aurora is manufactured using industry best materials and fabric available to provide many years of trouble-free use and enjoyment. Its Infinity Tilt allows you to change positions effortlessly. This modern cantilever is suitable for use in low to moderate wind conditions and ensures hours of protection from the sun and light rain.
Eclipse Cantilever,Cantilever Umbrellas,https://www.frankfordumbrellas.com/collections/cantilever-umbrellas/eclipse,868ECU,11' Octagon,,"41.7""/106cm",,"3.3""x5""/8x12.7cm",,"24.4""/62cm","80.7""/205cm","142.5""/362cm","111.4""/283cm",,,116 lbs./53 kg.,BK Onyx | BZ Desert Bronze | HW Heather Willow | MS Brushed Silver | WG Golden Oak | WH Alpine White | CB Carbon,360 degree mast rotation (24 locking positions every 15 degrees) | Canopy Infinity Tilt provides countless hours of maximum shade | Automatic tilt locking for safety | Smooth commercially rated crank lift operation | Extruded aluminum mast and ribs | Stainless steel hardware throughout | Black Polyester Protective Cover Bag included | Engineered to withstand sustained 30 mph winds (898ECU-R: 15 mph) | Included Wind Stabilization Kit adds 5 mph,"This umbrella combines style with size, strength, and durability to provide a lasting solution to your shade needs. Its 360 degree rotation and Infinity Tilt allow for easy opening and closing while providing complete shade flexibility. Heavy-gauge extruded aluminum and stainless steel parts on a marine-grade, corrosion-resistant aluminum frame ensure the Eclipse is ideal for both commercial and residential environments."
Eclipse Cantilever,Cantilever Umbrellas,https://www.frankfordumbrellas.com/collections/cantilever-umbrellas/eclipse,880ECU,13' Octagon,,"32""/82cm",,"3.3""x5""/8x12.7cm",,"24.4""/62cm","81.9""/208cm","163.8""/416cm","111.4""/283cm",,,123 lbs./55 kg.,BK Onyx | BZ Desert Bronze | HW Heather Willow | MS Brushed Silver | WG Golden Oak | WH Alpine White | CB Carbon,360 degree mast rotation (24 locking positions every 15 degrees) | Canopy Infinity Tilt provides countless hours of maximum shade | Automatic tilt locking for safety | Smooth commercially rated crank lift operation | Extruded aluminum mast and ribs | Stainless steel hardware throughout | Black Polyester Protective Cover Bag included | Engineered to withstand sustained 30 mph winds (898ECU-R: 15 mph) | Included Wind Stabilization Kit adds 5 mph,"This umbrella combines style with size, strength, and durability to provide a lasting solution to your shade needs. Its 360 degree rotation and Infinity Tilt allow for easy opening and closing while providing complete shade flexibility. Heavy-gauge extruded aluminum and stainless steel parts on a marine-grade, corrosion-resistant aluminum frame ensure the Eclipse is ideal for both commercial and residential environments."
Eclipse Cantilever,Cantilever Umbrellas,https://www.frankfordumbrellas.com/collections/cantilever-umbrellas/eclipse,883ECU-SQ,10' Square,,"27""/69cm",,"3.3""x5""/8x12.7cm",,"24.4""/62cm","85.4""/217cm","134.3""/341cm","111.4""/283cm",,,117 lbs./53.5 kg.,BK Onyx | BZ Desert Bronze | HW Heather Willow | MS Brushed Silver | WG Golden Oak | WH Alpine White | CB Carbon,360 degree mast rotation (24 locking positions every 15 degrees) | Canopy Infinity Tilt provides countless hours of maximum shade | Automatic tilt locking for safety | Smooth commercially rated crank lift operation | Extruded aluminum mast and ribs | Stainless steel hardware throughout | Black Polyester Protective Cover Bag included | Engineered to withstand sustained 30 mph winds (898ECU-R: 15 mph) | Included Wind Stabilization Kit adds 5 mph,"This umbrella combines style with size, strength, and durability to provide a lasting solution to your shade needs. Its 360 degree rotation and Infinity Tilt allow for easy opening and closing while providing complete shade flexibility. Heavy-gauge extruded aluminum and stainless steel parts on a marine-grade, corrosion-resistant aluminum frame ensure the Eclipse is ideal for both commercial and residential environments."
Eclipse Cantilever,Cantilever Umbrellas,https://www.frankfordumbrellas.com/collections/cantilever-umbrellas/eclipse,898ECU-R,10x13' Rectangle,,"13.4""/34cm",,"3.3""x5""/8x12.7cm",,"24.4""/62cm","85.1""/216cm","130.7""/332cm","111.4""/283cm",,,128 lbs./58 kg.,BK Onyx | BZ Desert Bronze | HW Heather Willow | MS Brushed Silver | WG Golden Oak | WH Alpine White | CB Carbon,360 degree mast rotation (24 locking positions every 15 degrees) | Canopy Infinity Tilt provides countless hours of maximum shade | Automatic tilt locking for safety | Smooth commercially rated crank lift operation | Extruded aluminum mast and ribs | Stainless steel hardware throughout | Black Polyester Protective Cover Bag included | Engineered to withstand sustained 30 mph winds (898ECU-R: 15 mph) | Included Wind Stabilization Kit adds 5 mph,"This umbrella combines style with size, strength, and durability to provide a lasting solution to your shade needs. Its 360 degree rotation and Infinity Tilt allow for easy opening and closing while providing complete shade flexibility. Heavy-gauge extruded aluminum and stainless steel parts on a marine-grade, corrosion-resistant aluminum frame ensure the Eclipse is ideal for both commercial and residential environments."
Catalina Fiberglass Patio,Patio Umbrellas,https://www.frankfordumbrellas.com/collections/patio-umbrellas/catalina-fiberglass,844FA01,7.5' Octagon (Pulley / No Tilt),"68""","33""","90""",,,,,,,"55""",,15 lbs.,BK Onyx | BZ Desert Bronze | MS Brushed Silver | SR Platinum | WG Golden Oak | WH Alpine White | HW Heather Willow | CB Carbon,"60 degree commercial grade tilt | Superior flexibility and quality fiberglass ribs for maximum wind resistance | 1.5"" diameter center pole with a 1/8"" aluminum wall thickness provides incredible strength and durability | Reinforced four-layer pockets prevent fabric from tearing | Modular design | Stainless steel hardware throughout | Three canopy shade designs available","Built with the sunniest days in mind, the Catalina Fiberglass Patio Umbrella will exceed your expectations. Its ultra-durable fiberglass frame and heavy gauge resin parts make this traditional umbrella the ultimate choice for your commercial or residential patio. Two frame builds allow you to select the Catalina that will best suit all of your shade needs."
Catalina Fiberglass Patio,Patio Umbrellas,https://www.frankfordumbrellas.com/collections/patio-umbrellas/catalina-fiberglass,844FA02,7.5' Octagon (Pulley / Tilt),"70""","40""","90""",,,,,,,"55""",,15 lbs.,BK Onyx | BZ Desert Bronze | MS Brushed Silver | SR Platinum | WG Golden Oak | WH Alpine White | HW Heather Willow | CB Carbon,"60 degree commercial grade tilt | Superior flexibility and quality fiberglass ribs for maximum wind resistance | 1.5"" diameter center pole with a 1/8"" aluminum wall thickness provides incredible strength and durability | Reinforced four-layer pockets prevent fabric from tearing | Modular design | Stainless steel hardware throughout | Three canopy shade designs available","Built with the sunniest days in mind, the Catalina Fiberglass Patio Umbrella will exceed your expectations. Its ultra-durable fiberglass frame and heavy gauge resin parts make this traditional umbrella the ultimate choice for your commercial or residential patio. Two frame builds allow you to select the Catalina that will best suit all of your shade needs."
Catalina Fiberglass Patio,Patio Umbrellas,https://www.frankfordumbrellas.com/collections/patio-umbrellas/catalina-fiberglass,844FA03,7.5' Octagon (Pulley / Double Tilt),"70""","40""","90""",,,,,,,"55""",,15 lbs.,BK Onyx | BZ Desert Bronze | MS Brushed Silver | SR Platinum | WG Golden Oak | WH Alpine White | HW Heather Willow | CB Carbon,"60 degree commercial grade tilt | Superior flexibility and quality fiberglass ribs for maximum wind resistance | 1.5"" diameter center pole with a 1/8"" aluminum wall thickness provides incredible strength and durability | Reinforced four-layer pockets prevent fabric from tearing | Modular design | Stainless steel hardware throughout | Three canopy shade designs available","Built with the sunniest days in mind, the Catalina Fiberglass Patio Umbrella will exceed your expectations. Its ultra-durable fiberglass frame and heavy gauge resin parts make this traditional umbrella the ultimate choice for your commercial or residential patio. Two frame builds allow you to select the Catalina that will best suit all of your shade needs."
Catalina Fiberglass Patio,Patio Umbrellas,https://www.frankfordumbrellas.com/collections/patio-umbrellas/catalina-fiberglass,844FC01,7.5' Octagon (Crank / No Tilt),"73""","44""","95""",,,"38""",,,,"55""",,15 lbs.,BK Onyx | BZ Desert Bronze | MS Brushed Silver | SR Platinum | WG Golden Oak | WH Alpine White | HW Heather Willow | CB Carbon,"60 degree commercial grade tilt | Superior flexibility and quality fiberglass ribs for maximum wind resistance | 1.5"" diameter center pole with a 1/8"" aluminum wall thickness provides incredible strength and durability | Reinforced four-layer pockets prevent fabric from tearing | Modular design | Stainless steel hardware throughout | Three canopy shade designs available","Built with the sunniest days in mind, the Catalina Fiberglass Patio Umbrella will exceed your expectations. Its ultra-durable fiberglass frame and heavy gauge resin parts make this traditional umbrella the ultimate choice for your commercial or residential patio. Two frame builds allow you to select the Catalina that will best suit all of your shade needs."
Catalina Fiberglass Patio,Patio Umbrellas,https://www.frankfordumbrellas.com/collections/patio-umbrellas/catalina-fiberglass,844FC02,7.5' Octagon (Crank / Tilt),"73""","44""","95""",,,"38""",,,,"55""",,15 lbs.,BK Onyx | BZ Desert Bronze | MS Brushed Silver | SR Platinum | WG Golden Oak | WH Alpine White | HW Heather Willow | CB Carbon,"60 degree commercial grade tilt | Superior flexibility and quality fiberglass ribs for maximum wind resistance | 1.5"" diameter center pole with a 1/8"" aluminum wall thickness provides incredible strength and durability | Reinforced four-layer pockets prevent fabric from tearing | Modular design | Stainless steel hardware throughout | Three canopy shade designs available","Built with the sunniest days in mind, the Catalina Fiberglass Patio Umbrella will exceed your expectations. Its ultra-durable fiberglass frame and heavy gauge resin parts make this traditional umbrella the ultimate choice for your commercial or residential patio. Two frame builds allow you to select the Catalina that will best suit all of your shade needs."
Catalina Fiberglass Patio,Patio Umbrellas,https://www.frankfordumbrellas.com/collections/patio-umbrellas/catalina-fiberglass,844FC03,7.5' Octagon (Crank / Double Tilt),"75""","44""","95""",,,"38""",,,,"55""",,15 lbs.,BK Onyx | BZ Desert Bronze | MS Brushed Silver | SR Platinum | WG Golden Oak | WH Alpine White | HW Heather Willow | CB Carbon,"60 degree commercial grade tilt | Superior flexibility and quality fiberglass ribs for maximum wind resistance | 1.5"" diameter center pole with a 1/8"" aluminum wall thickness provides incredible strength and durability | Reinforced four-layer pockets prevent fabric from tearing | Modular design | Stainless steel hardware throughout | Three canopy shade designs available","Built with the sunniest days in mind, the Catalina Fiberglass Patio Umbrella will exceed your expectations. Its ultra-durable fiberglass frame and heavy gauge resin parts make this traditional umbrella the ultimate choice for your commercial or residential patio. Two frame builds allow you to select the Catalina that will best suit all of your shade needs."
Laurel Steel Patio,Patio Umbrellas,https://www.frankfordumbrellas.com/collections/patio-umbrellas/laurel-steel,845A,7.5' Octagon (Manual / No Tilt),"69""","37""","92""",,,,,,,"50""","42""",16 lbs.,SR Platinum,"Available frame options include: Manual Lift (No Tilt), Manual Lift with Push Button Tilt, Crank Lift with Push Button Tilt | Superior 5mm steel ribs supported by a 1.6mm thick aluminum center pole (crank) or 1.3mm (manual) | 1.375"" diameter upper pole, 1.5"" diameter lower pole | Non-twisting end tips won't tear through fabric | Stainless steel hardware throughout | Choose from 9 oz. marine grade acrylic fabric or heavy gauge vinyl material","The Laurel combines strength with durability to create the perfect traditional style patio umbrella for any commercial or residential setting. Between its zinc-plated ribs, spring activated steel ledge, and stainless-steel parts, the Laurel is built to withstand the elements while still offering your guests abundant shade. Three frame builds allow you to select the Laurel that will best suit all of your shade needs."
Laurel Steel Patio,Patio Umbrellas,https://www.frankfordumbrellas.com/collections/patio-umbrellas/laurel-steel,845AT,7.5' Octagon (Manual / Push Button Tilt),"69""","37""","92""",,,,,,,"50""","42""",16 lbs.,SR Platinum,"Available frame options include: Manual Lift (No Tilt), Manual Lift with Push Button Tilt, Crank Lift with Push Button Tilt | Superior 5mm steel ribs supported by a 1.6mm thick aluminum center pole (crank) or 1.3mm (manual) | 1.375"" diameter upper pole, 1.5"" diameter lower pole | Non-twisting end tips won't tear through fabric | Stainless steel hardware throughout | Choose from 9 oz. marine grade acrylic fabric or heavy gauge vinyl material","The Laurel combines strength with durability to create the perfect traditional style patio umbrella for any commercial or residential setting. Between its zinc-plated ribs, spring activated steel ledge, and stainless-steel parts, the Laurel is built to withstand the elements while still offering your guests abundant shade. Three frame builds allow you to select the Laurel that will best suit all of your shade needs."
Laurel Steel Patio,Patio Umbrellas,https://www.frankfordumbrellas.com/collections/patio-umbrellas/laurel-steel,845CT,7.5' Octagon (Crank / Push Button Tilt),"75""","46""","94""",,,"36""",,,,"55""","38""",16 lbs.,SR Platinum,"Available frame options include: Manual Lift (No Tilt), Manual Lift with Push Button Tilt, Crank Lift with Push Button Tilt | Superior 5mm steel ribs supported by a 1.6mm thick aluminum center pole (crank) or 1.3mm (manual) | 1.375"" diameter upper pole, 1.5"" diameter lower pole | Non-twisting end tips won't tear through fabric | Stainless steel hardware throughout | Choose from 9 oz. marine grade acrylic fabric or heavy gauge vinyl material","The Laurel combines strength with durability to create the perfect traditional style patio umbrella for any commercial or residential setting. Between its zinc-plated ribs, spring activated steel ledge, and stainless-steel parts, the Laurel is built to withstand the elements while still offering your guests abundant shade. Three frame builds allow you to select the Laurel that will best suit all of your shade needs."
