SKU,Name
LED01,Led Light + Charging Kit
LED-C4,Eclipse v4 Cantilever Umbrella LED Clip
LED-C3,Monterey Rib Attachment Clip
LED-C2,Aurora-F / G-Series Monterey Rib Attachment Clip
LED-C1,Eclipse / Aurora / G-Series Greenwich / Greenwich / Marella LED Clip
CB01,Navy Blue Cotton Beach Umbrella Carry Bag
CB01-FC,Back Strap And Shoulder Strap Carry Bag For FC101
FC-TBL,Oak Wood Folding Table
30-SA,Drill Bit Sand Auger
CB87-B-SS (2),Stainless Steel Surface Mount L-Brackets
W-SPRING,Ash Wood Pole Replacement Retention Pole Spring
HBF,Half Ball Finial For Catalina / Avalon / Lifeguard (Fiberglass)
SBC,Steel Bell Cap For Laurel / Emerald Coast / Lifeguard (Steel)
