product_category,item_number,finish_code,finish_name,size,vent_type,msrp_C_Suncrylic,sale_C_Suncrylic,msrp_B_Sunbrella,sale_B_Sunbrella,msrp_A_Sunbrella,sale_A_Sunbrella,msrp_BB_Sunbrella,sale_BB_Sunbrella,msrp_AA_Sunbrella,sale_AA_Sunbrella
Aluminum Market Umbrella - Deluxe Autotilt,727AB,AB,Antique Bronze,7.5',Single Vent,640,480,725,544,780,585,765,574,820,615
Aluminum Market Umbrella - Deluxe Autotilt,727AB,AB,Antique Bronze,7.5',Double Vent,n/a,n/a,845,634,900,675,885,664,940,705
Aluminum Market Umbrella - Deluxe Autotilt,727AP,AP,Antique Pewter,7.5',Single Vent,640,480,725,544,780,585,765,574,820,615
Aluminum Market Umbrella - Deluxe Autotilt,727AP,AP,Antique Pewter,7.5',Double Vent,n/a,n/a,845,634,900,675,885,664,940,705
Aluminum Market Umbrella - Deluxe Autotilt,727BK,BK,Black,7.5',Single Vent,640,480,725,544,780,585,765,574,820,615
Aluminum Market Umbrella - Deluxe Autotilt,727BK,BK,Black,7.5',Double Vent,n/a,n/a,845,634,900,675,885,664,940,705
Aluminum Market Umbrella - Deluxe Autotilt,727DC,DC,Deluxe Champagne,7.5',Single Vent,640,480,725,544,780,585,765,574,820,615
Aluminum Market Umbrella - Deluxe Autotilt,727DC,DC,Deluxe Champagne,7.5',Double Vent,n/a,n/a,845,634,900,675,885,664,940,705
Aluminum Market Umbrella - Deluxe Autotilt,727LT,LT,Latte,7.5',Single Vent,640,480,725,544,780,585,765,574,820,615
Aluminum Market Umbrella - Deluxe Autotilt,727LT,LT,Latte,7.5',Double Vent,n/a,n/a,845,634,900,675,885,664,940,705
Aluminum Market Umbrella - Deluxe Autotilt,727RC,RC,Ribbed Champagne,7.5',Single Vent,640,480,725,544,780,585,765,574,820,615
Aluminum Market Umbrella - Deluxe Autotilt,727RC,RC,Ribbed Champagne,7.5',Double Vent,n/a,n/a,845,634,900,675,885,664,940,705
Aluminum Market Umbrella - Deluxe Autotilt,727SR,SR,Silver,7.5',Single Vent,640,480,725,544,780,585,765,574,820,615
Aluminum Market Umbrella - Deluxe Autotilt,727SR,SR,Silver,7.5',Double Vent,n/a,n/a,845,634,900,675,885,664,940,705
Aluminum Market Umbrella - Deluxe Autotilt,727W,W,White,7.5',Single Vent,640,480,725,544,780,585,765,574,820,615
Aluminum Market Umbrella - Deluxe Autotilt,727W,W,White,7.5',Double Vent,n/a,n/a,845,634,900,675,885,664,940,705
Aluminum Market Umbrella - Deluxe Autotilt,737AB,AB,Antique Bronze,9',Single Vent,815,612,880,660,935,702,920,690,975,732
Aluminum Market Umbrella - Deluxe Autotilt,737AB,AB,Antique Bronze,9',Double Vent,n/a,n/a,1000,750,1055,792,1040,780,1095,822
Aluminum Market Umbrella - Deluxe Autotilt,737AP,AP,Antique Pewter,9',Single Vent,815,612,880,660,935,702,920,690,975,732
Aluminum Market Umbrella - Deluxe Autotilt,737AP,AP,Antique Pewter,9',Double Vent,n/a,n/a,1000,750,1055,792,1040,780,1095,822
Aluminum Market Umbrella - Deluxe Autotilt,737BK,BK,Black,9',Single Vent,815,612,880,660,935,702,920,690,975,732
Aluminum Market Umbrella - Deluxe Autotilt,737BK,BK,Black,9',Double Vent,n/a,n/a,1000,750,1055,792,1040,780,1095,822
Aluminum Market Umbrella - Deluxe Autotilt,737DC,DC,Deluxe Champagne,9',Single Vent,815,612,880,660,935,702,920,690,975,732
Aluminum Market Umbrella - Deluxe Autotilt,737DC,DC,Deluxe Champagne,9',Double Vent,n/a,n/a,1000,750,1055,792,1040,780,1095,822
Aluminum Market Umbrella - Deluxe Autotilt,737LT,LT,Latte,9',Single Vent,815,612,880,660,935,702,920,690,975,732
Aluminum Market Umbrella - Deluxe Autotilt,737LT,LT,Latte,9',Double Vent,n/a,n/a,1000,750,1055,792,1040,780,1095,822
Aluminum Market Umbrella - Deluxe Autotilt,737RC,RC,Ribbed Champagne,9',Single Vent,815,612,880,660,935,702,920,690,975,732
Aluminum Market Umbrella - Deluxe Autotilt,737RC,RC,Ribbed Champagne,9',Double Vent,n/a,n/a,1000,750,1055,792,1040,780,1095,822
Aluminum Market Umbrella - Deluxe Autotilt,737SR,SR,Silver,9',Single Vent,815,612,880,660,935,702,920,690,975,732
Aluminum Market Umbrella - Deluxe Autotilt,737SR,SR,Silver,9',Double Vent,n/a,n/a,1000,750,1055,792,1040,780,1095,822
Aluminum Market Umbrella - Deluxe Autotilt,737W,W,White,9',Single Vent,815,612,880,660,935,702,920,690,975,732
Aluminum Market Umbrella - Deluxe Autotilt,737W,W,White,9',Double Vent,n/a,n/a,1000,750,1055,792,1040,780,1095,822
Aluminum Market Umbrella - Deluxe Autotilt,779AB,AB,Antique Bronze,8x11',Single Vent,n/a,n/a,1250,938,1335,1002,1300,975,1385,1039
Aluminum Market Umbrella - Deluxe Autotilt,779AB,AB,Antique Bronze,8x11',Double Vent,n/a,n/a,1390,1043,1475,1107,1440,1080,1525,1144
Aluminum Market Umbrella - Deluxe Autotilt,779BK,BK,Black,8x11',Single Vent,n/a,n/a,1250,938,1335,1002,1300,975,1385,1039
Aluminum Market Umbrella - Deluxe Autotilt,779BK,BK,Black,8x11',Double Vent,n/a,n/a,1390,1043,1475,1107,1440,1080,1525,1144
Aluminum Market Umbrella - Deluxe Autotilt,789AB,AB,Antique Bronze,11',Single Vent,1085,814,1315,987,1400,1050,1365,1024,1450,1088
Aluminum Market Umbrella - Deluxe Autotilt,789AB,AB,Antique Bronze,11',Double Vent,n/a,n/a,1455,1092,1540,1155,1505,1129,1590,1193
Aluminum Market Umbrella - Deluxe Autotilt,789BK,BK,Black,11',Single Vent,1085,814,1315,987,1400,1050,1365,1024,1450,1088
Aluminum Market Umbrella - Deluxe Autotilt,789BK,BK,Black,11',Double Vent,n/a,n/a,1455,1092,1540,1155,1505,1129,1590,1193
Aluminum Market Umbrella - Deluxe Autotilt,799AB,AB,Antique Bronze,10x10',Single Vent,n/a,n/a,1440,1080,1505,1129,1470,1103,1555,1167
Aluminum Market Umbrella - Deluxe Autotilt,799AB,AB,Antique Bronze,10x10',Double Vent,n/a,n/a,1580,1185,1645,1234,1610,1208,1695,1272
Aluminum Market Umbrella - Deluxe Autotilt,799BK,BK,Black,10x10',Single Vent,n/a,n/a,1440,1080,1505,1129,1470,1103,1555,1167
Aluminum Market Umbrella - Deluxe Autotilt,799BK,BK,Black,10x10',Double Vent,n/a,n/a,1580,1185,1645,1234,1610,1208,1695,1272
Aluminum Market Umbrella - Standard Autotilt,636MB,MB,Bronze,9',Single Vent,480,360,635,477,690,518,675,507,730,548
Aluminum Market Umbrella - Standard Autotilt,636MB,MB,Bronze,9',Double Vent,n/a,n/a,755,567,810,608,795,597,850,638
Aluminum Market Umbrella - Standard Autotilt,736BK,BK,Black,9',Single Vent,620,465,710,533,765,574,750,563,805,604
Aluminum Market Umbrella - Standard Autotilt,736BK,BK,Black,9',Double Vent,n/a,n/a,830,623,885,664,870,653,925,694
Aluminum Market Umbrella - Standard Autotilt,736CH,CH,Charcoal,9',Single Vent,620,465,710,533,765,574,750,563,805,604
Aluminum Market Umbrella - Standard Autotilt,736CH,CH,Charcoal,9',Double Vent,n/a,n/a,830,623,885,664,870,653,925,694
Aluminum Market Umbrella - Standard Autotilt,736MB,MB,Bronze,9',Single Vent,620,465,710,533,765,574,750,563,805,604
Aluminum Market Umbrella - Standard Autotilt,736MB,MB,Bronze,9',Double Vent,n/a,n/a,830,623,885,664,870,653,925,694
Aluminum Market Umbrella - Standard Autotilt,736W,W,White,9',Single Vent,620,465,710,533,765,574,750,563,805,604
Aluminum Market Umbrella - Standard Autotilt,736W,W,White,9',Double Vent,n/a,n/a,830,623,885,664,870,653,925,694
Aluminum Market Umbrella - LED Lighted,936AB,AB,Antique Bronze,9',Single Vent,785,589,850,638,905,679,890,668,945,709
Aluminum Market Umbrella - LED Lighted,936AB,AB,Antique Bronze,9',Double Vent,n/a,n/a,970,728,1025,769,1010,758,1065,799
Aluminum Market Umbrella - LED Lighted,936BK,BK,Black,9',Single Vent,785,589,850,638,905,679,890,668,945,709
Aluminum Market Umbrella - LED Lighted,936BK,BK,Black,9',Double Vent,n/a,n/a,970,728,1025,769,1010,758,1065,799
Aluminum Market Umbrella - LED Lighted,986AB,AB,Antique Bronze,11',Single Vent,1130,848,1360,1020,1445,1084,1410,1058,1495,1122
Aluminum Market Umbrella - LED Lighted,986AB,AB,Antique Bronze,11',Double Vent,n/a,n/a,1500,1125,1585,1189,1550,1163,1635,1227
Aluminum Market Umbrella - LED Lighted,986BK,BK,Black,11',Single Vent,1130,848,1360,1020,1445,1084,1410,1058,1495,1122
Aluminum Market Umbrella - LED Lighted,986BK,BK,Black,11',Double Vent,n/a,n/a,1500,1125,1585,1189,1550,1163,1635,1227
Aluminum Market Umbrella - Commercial,762AB,AB,Antique Bronze,6x6',Single Vent,n/a,n/a,900,675,955,717,940,705,995,747
Aluminum Market Umbrella - Commercial,762AB,AB,Antique Bronze,6x6',Double Vent,n/a,n/a,1020,765,1075,807,1060,795,1115,837
Aluminum Market Umbrella - Commercial,762SR,SR,Silver,6x6',Single Vent,n/a,n/a,900,675,955,717,940,705,995,747
Aluminum Market Umbrella - Commercial,762SR,SR,Silver,6x6',Double Vent,n/a,n/a,1020,765,1075,807,1060,795,1115,837
Aluminum Market Umbrella - Commercial,722AB,AB,Antique Bronze,7.5',Single Vent,830,623,915,687,970,728,955,717,1010,758
Aluminum Market Umbrella - Commercial,722AB,AB,Antique Bronze,7.5',Double Vent,n/a,n/a,1035,777,1090,818,1075,807,1130,848
Aluminum Market Umbrella - Commercial,722BK,BK,Black,7.5',Single Vent,830,623,915,687,970,728,955,717,1010,758
Aluminum Market Umbrella - Commercial,722BK,BK,Black,7.5',Double Vent,n/a,n/a,1035,777,1090,818,1075,807,1130,848
Aluminum Market Umbrella - Commercial,722SR,SR,Silver,7.5',Single Vent,830,623,915,687,970,728,955,717,1010,758
Aluminum Market Umbrella - Commercial,722SR,SR,Silver,7.5',Double Vent,n/a,n/a,1035,777,1090,818,1075,807,1130,848
Aluminum Market Umbrella - Commercial,732AB,AB,Antique Bronze,9',Single Vent,975,732,1040,780,1095,822,1080,810,1135,852
Aluminum Market Umbrella - Commercial,732AB,AB,Antique Bronze,9',Double Vent,n/a,n/a,1160,870,1215,912,1200,900,1255,942
Aluminum Market Umbrella - Commercial,732BK,BK,Black,9',Single Vent,975,732,1040,780,1095,822,1080,810,1135,852
Aluminum Market Umbrella - Commercial,732BK,BK,Black,9',Double Vent,n/a,n/a,1160,870,1215,912,1200,900,1255,942
Aluminum Market Umbrella - Commercial,732SR,SR,Silver,9',Single Vent,975,732,1040,780,1095,822,1080,810,1135,852
Aluminum Market Umbrella - Commercial,732SR,SR,Silver,9',Double Vent,n/a,n/a,1160,870,1215,912,1200,900,1255,942
Aluminum Market Umbrella - Commercial,781SR,SR,Silver,11',Single Vent,1305,979,1535,1152,1620,1215,1585,1189,1670,1253
Aluminum Market Umbrella - Commercial,781SR,SR,Silver,11',Double Vent,n/a,n/a,1675,1257,1760,1320,1725,1294,1810,1358
Aluminum Market Umbrella - Commercial,791SR,SR,Silver,13',Double Vent,n/a,n/a,1935,1452,2035,1527,1985,1489,2085,1564
Aluminum Market Umbrella - Commercial,782SR,SR,Silver,8x8',Single Vent,n/a,n/a,1125,844,1180,885,1175,882,1230,923
Aluminum Market Umbrella - Commercial,782SR,SR,Silver,8x8',Double Vent,n/a,n/a,1265,949,1320,990,1315,987,1370,1028
Aluminum Market Umbrella - Commercial,792SR,SR,Silver,10x10',Single Vent,n/a,n/a,1380,1035,1445,1084,1430,1073,1495,1122
Aluminum Market Umbrella - Commercial,792SR,SR,Silver,10x10',Double Vent,n/a,n/a,1520,1140,1585,1189,1570,1178,1635,1227
Aluminum Market Umbrella - Commercial,715AB,AB,Antique Bronze,6',Single Vent,n/a,n/a,635,477,690,518,675,507,730,548
Aluminum Market Umbrella - Commercial,715AB,AB,Antique Bronze,6',Double Vent,n/a,n/a,755,567,810,608,795,597,850,638
Aluminum Market Umbrella - Commercial,725AB,AB,Antique Bronze,7.5',Single Vent,595,447,680,510,735,552,720,540,775,582
Aluminum Market Umbrella - Commercial,725AB,AB,Antique Bronze,7.5',Double Vent,n/a,n/a,800,600,855,642,840,630,895,672
Aluminum Market Umbrella - Commercial,725BK,BK,Black,7.5',Single Vent,595,447,680,510,735,552,720,540,775,582
Aluminum Market Umbrella - Commercial,725BK,BK,Black,7.5',Double Vent,n/a,n/a,800,600,855,642,840,630,895,672
Aluminum Market Umbrella - Commercial,725W,W,White,7.5',Single Vent,595,447,680,510,735,552,720,540,775,582
Aluminum Market Umbrella - Commercial,725W,W,White,7.5',Double Vent,n/a,n/a,800,600,855,642,840,630,895,672
Aluminum Market Umbrella - Commercial,735AB,AB,Antique Bronze,9',Single Vent,715,537,780,585,835,627,820,615,875,657
Aluminum Market Umbrella - Commercial,735AB,AB,Antique Bronze,9',Double Vent,n/a,n/a,900,675,955,717,940,705,995,747
Aluminum Market Umbrella - Commercial,735BK,BK,Black,9',Single Vent,715,537,780,585,835,627,820,615,875,657
Aluminum Market Umbrella - Commercial,735BK,BK,Black,9',Double Vent,n/a,n/a,900,675,955,717,940,705,995,747
Aluminum Market Umbrella - Commercial,735W,W,White,9',Single Vent,715,537,780,585,835,627,820,615,875,657
Aluminum Market Umbrella - Commercial,735W,W,White,9',Double Vent,n/a,n/a,900,675,955,717,940,705,995,747
Aluminum Market Umbrella - Commercial,772AB,AB,Antique Bronze,3.5x7',Single Vent,n/a,n/a,725,544,780,585,765,574,820,615
Aluminum Market Umbrella - Commercial,772AB,AB,Antique Bronze,3.5x7',Double Vent,n/a,n/a,845,634,900,675,885,664,940,705
Aluminum Market Umbrella - Cantilever,887AB,AB,Antique Bronze,11',Single Vent,2950,2213,3180,2385,3265,2449,3230,2423,3315,2487
Aluminum Market Umbrella - Cantilever,887AB,AB,Antique Bronze,11',Double Vent,n/a,n/a,3320,2490,3405,2554,3370,2528,3455,2592
Aluminum Market Umbrella - Cantilever,887BK,BK,Black,11',Single Vent,2950,2213,3180,2385,3265,2449,3230,2423,3315,2487
Aluminum Market Umbrella - Cantilever,887BK,BK,Black,11',Double Vent,n/a,n/a,3320,2490,3405,2554,3370,2528,3455,2592
Aluminum Market Umbrella - Cantilever,899AB,AB,Antique Bronze,13',Double Vent,n/a,n/a,4310,3233,4410,3308,4360,3270,4460,3345
Aluminum Market Umbrella - Cantilever,899BK,BK,Black,13',Double Vent,n/a,n/a,4310,3233,4410,3308,4360,3270,4460,3345
Aluminum Market Umbrella - Cantilever,897AB,AB,Antique Bronze,10x10',Single Vent,n/a,n/a,3390,2543,3455,2592,3440,2580,3505,2629
Aluminum Market Umbrella - Cantilever,897AB,AB,Antique Bronze,10x10',Double Vent,n/a,n/a,3530,2648,3595,2697,3580,2685,3645,2734
Aluminum Market Umbrella - Cantilever,897BK,BK,Black,10x10',Single Vent,n/a,n/a,3390,2543,3455,2592,3440,2580,3505,2629
Aluminum Market Umbrella - Cantilever,897BK,BK,Black,10x10',Double Vent,n/a,n/a,3530,2648,3595,2697,3580,2685,3645,2734
Wood Umbrella - Cafe,121,LW,Light Wood,7.5',Single Vent,550,413,635,477,690,518,675,507,730,548
Wood Umbrella - Cafe,121,LW,Light Wood,7.5',Double Vent,n/a,n/a,755,567,810,608,795,597,850,638
Wood Umbrella - Cafe,221,DW,Dark Wood,7.5',Single Vent,550,413,635,477,690,518,675,507,730,548
Wood Umbrella - Cafe,221,DW,Dark Wood,7.5',Double Vent,n/a,n/a,755,567,810,608,795,597,850,638
Wood Umbrella - Market,131,LW,Light Wood,9',Single Vent,610,458,735,552,790,593,775,582,830,623
Wood Umbrella - Market,131,LW,Light Wood,9',Double Vent,n/a,n/a,855,642,910,683,895,672,950,713
Wood Umbrella - Market,132,LW,Light Wood,9',Single Vent,650,488,775,582,830,623,815,612,870,653
Wood Umbrella - Market,132,LW,Light Wood,9',Double Vent,n/a,n/a,895,672,950,713,935,702,990,743
Wood Umbrella - Market,232,DW,Dark Wood,9',Single Vent,650,488,775,582,830,623,815,612,870,653
Wood Umbrella - Market,232,DW,Dark Wood,9',Double Vent,n/a,n/a,895,672,950,713,935,702,990,743
Wood Umbrella - Market,136,LW,Light Wood,9',Single Vent,765,574,830,623,885,664,870,653,925,694
Wood Umbrella - Market,136,LW,Light Wood,9',Double Vent,n/a,n/a,950,713,1005,754,990,743,1045,784
Wood Umbrella - Market,183,LW,Light Wood,11',Single Vent,1050,788,1280,960,1365,1024,1330,998,1415,1062
Wood Umbrella - Market,183,LW,Light Wood,11',Double Vent,n/a,n/a,1420,1065,1505,1129,1470,1103,1555,1167
Wood Umbrella - Teak,532TK,TK,Teak Wood,9',Single Vent,1240,930,1305,979,1360,1020,1345,1009,1400,1050
Wood Umbrella - Teak,532TK,TK,Teak Wood,9',Double Vent,n/a,n/a,1425,1069,1480,1110,1465,1099,1520,1140
Wood Umbrella - Teak,537TK,TK,Teak Wood,9',Single Vent,1270,953,1335,1002,1390,1043,1375,1032,1430,1073
Wood Umbrella - Teak,537TK,TK,Teak Wood,9',Double Vent,n/a,n/a,1455,1092,1510,1133,1495,1122,1550,1163
Wood Umbrella - Teak,587TK,TK,Teak Wood,11',Single Vent,1560,1170,1790,1343,1875,1407,1840,1380,1925,1444
Wood Umbrella - Teak,587TK,TK,Teak Wood,11',Double Vent,n/a,n/a,1930,1448,2015,1512,1980,1485,2065,1549
