fabric_name,collection,grade,availability,item_number,image_filename
Agate II,Homecrest Slings,B,S|A,,Agate_II.jpg
Aluminum,Homecrest Slings,A,S|A,,Aluminum.jpg
Bark,Homecrest Slings,B,A|S,,Bark.jpg
Battleplan,Homecrest Slings,A,S|A,,Battleplan.jpg
Bisque,Homecrest Slings,B,A|S,,Bisque.jpg
Cameo II,Homecrest Slings,B,A|S,,Cameo_II.jpg
Carbon,Homecrest Slings,A,S|W,,Carbon.jpg
Coral,Homecrest Slings,A,S|A,,Coral.jpg
Gannon,Homecrest Slings,A,S|A,,Gannon.jpg
Glacier,Homecrest Slings,A,S|W,,Glacier.jpg
Glassblock,Homecrest Slings,A,S|A,,Glassblock.jpg
Hickory,Homecrest Slings,A,S|W,,Hickory.jpg
Indigo,Homecrest Slings,A,S|W,,Indigo.jpg
Kamali,Homecrest Slings,A,S|A,,Kamali.jpg
Kozo,Homecrest Slings,A,S|A,,Kozo.jpg
Lagoon,Homecrest Slings,B,A|S,,Lagoon.jpg
Millstone,Homecrest Slings,A,S|A,,Millstone.jpg
Niko,Homecrest Slings,A,S|W,,Niko.jpg
Nova,Homecrest Slings,A,S|A,,Nova.jpg
Onyx,Homecrest Slings,A,S|W,,Onyx.jpg
Rochester,Homecrest Slings,A,S|A,,Rochester.jpg
Rose,Homecrest Slings,A,S|A,,Rose.jpg
Salsa,Homecrest Slings,A,S|A,,Salsa.jpg
Sandbar,Homecrest Slings,A,S|W,,Sandbar.jpg
Seaglass,Homecrest Slings,A,S|A,,Seaglass.jpg
Sedona,Homecrest Slings,A,S|W,,Sedona.jpg
Shadows,Homecrest Slings,A,S|A,,Shadows.jpg
Shelby,Homecrest Slings,A,S|A,,Shelby.jpg
Storm,Homecrest Slings,A,S|W,,Storm.jpg
Stratus,Homecrest Slings,B,A|S,,Stratus.jpg
Umber,Homecrest Slings,A,S|W,,Umber.jpg
Walnut,Homecrest Slings,A,S|A,,Walnut.jpg
Windsor,Homecrest Slings,A,S|A,,Windsor.jpg
Zinc II,Homecrest Slings,B,A|S,,Zinc_II.jpg
Agate II,Sensation Sling,B,A|S,,Agate_II.jpg
Bisque,Sensation Sling,B,A|S,,Bisque.jpg
Bark,Sensation Sling,B,A|S,,Bark.jpg
Cameo II,Sensation Sling,B,A|S,,Cameo_II.jpg
Lagoon,Sensation Sling,B,A|S,,Lagoon.jpg
Stratus,Sensation Sling,B,A|S,,Stratus.jpg
Zinc II,Sensation Sling,B,A|S,,Zinc_II.jpg
Carbon,Welt,A,S|W,,Carbon.jpg
Glacier,Welt,A,S|W,,Glacier.jpg
Hickory,Welt,A,S|W,,Hickory.jpg
Indigo,Welt,A,S|W,,Indigo.jpg
Niko,Welt,A,S|W,,Niko.jpg
Onyx,Welt,A,S|W,,Onyx.jpg
Sandbar,Welt,A,S|W,,Sandbar.jpg
Sedona,Welt,A,S|W,,Sedona.jpg
Storm,Welt,A,S|W,,Storm.jpg
Umber,Welt,A,S|W,,Umber.jpg
Beige,Recacril,,U,,Beige-Recacril.jpg
Black,Recacril,,U,,Black.jpg
Black Stripe,Recacril,,U,,Black_Stripe.jpg
Blue Stripe,Recacril,,U,,Blue_Stripe.jpg
Brown,Recacril,,U,,Brown.jpg
Burgundy,Recacril,,U,,Burgundy.jpg
Cadet Grey,Recacril,,U,,Cadet_Grey.jpg
Captain Navy,Recacril,,U,,Captain-Navy-Recacril.jpg
Charcoal Grey,Recacril,,U,,Charcoal_Grey.jpg
Chestnut,Recacril,,U,,Chestnut-Recacril.jpg
Forest Green,Recacril,,U,,Forest_Green.jpg
Linen,Recacril,,U,,Linen.jpg
Logo Red,Recacril,,U,,Logo_Red.jpg
Navy Stripe,Recacril,,U,,Navy_Stripe.jpg
Orange,Recacril,,U,,Orange.jpg
Orange Stripe,Recacril,,U,,Orange_Stripe.jpg
Pacific Blue,Recacril,,U,,Pacific_Blue.jpg
Pistachio,Recacril,,U,,Pistachio.jpg
Pumpkin,Recacril,,U,,Pumpkin.jpg
Red Stripe,Recacril,,U,,Red_Stripe.jpg
Salmon,Recacril,,U,,Salmon-Recacril.jpg
Sapphire,Recacril,,U,,Sapphire.jpg
Steel Blue,Recacril,,U,,Steel_Blue.jpg
Titanium,Recacril,,U,,Titanium.jpg
Turquoise,Recacril,,U,,Turquoise.jpg
Turquoise Stripe,Recacril,,U,,Turquoise_Stripe.jpg
Vermillion,Recacril,,U,,Vermillion.jpg
White,Recacril,,U,,White.jpg
Yellow,Recacril,,U,,Yellow-Recacril.jpg
Yellow Stripe,Recacril,,U,,Yellow_Stripe.jpg
Black Onyx,Brisa Leather-Inspired,E,PS|C|V,00393-5749,Black_Onyx.jpg
Buckskin,Brisa Leather-Inspired,E,PS|C|V,00396-3134,Buckskin.jpg
Burnt Red,Brisa Leather-Inspired,E,PS|C|V,00393-4331,Burnt_Red.jpg
Chamois,Brisa Leather-Inspired,E,PS|C|V,00396-3024,Chamois.jpg
Glass,Brisa Leather-Inspired,E,PS|C|V,00393-4529,Glass.jpg
Greige,Brisa Leather-Inspired,E,PS|C|V,00396-3733,Greige.jpg
Jasper,Brisa Leather-Inspired,E,PS|C|V,00393-5852,Jasper.jpg
Lasso,Brisa Leather-Inspired,E,PS|C|V,00396-3972,Lasso.jpg
Michigan Blue,Brisa Leather-Inspired,E,PS|C|V,00393-2542,Michigan_Blue.jpg
Mohave,Brisa Leather-Inspired,E,PS|C|V,00396-3361,Mohave.jpg
Nimbus,Brisa Leather-Inspired,E,PS|C|V,00393-5875,Nimbus.jpg
Polar,Brisa Leather-Inspired,E,PS|C|V,00393-5750,Polar.jpg
Sea Green,Brisa Leather-Inspired,E,PS|C|V,00393-4528,Sea_Green.jpg
Waylan,Brisa Leather-Inspired,E,PS|C|V,00396-3980,Waylan.jpg
Captains Navy,Outdura Ovation 2.3,A,PS|C|U|V,005403-1,Captains_Navy.jpg
Crimson,Outdura Ovation 2.3,B,PS|C|U|V,005451-1,Crimson.jpg
Flurry Granite,Outdura Ovation 2.3,C,PS|C|V,006930-1,Flurry_Granite.jpg
Melody Lead,Outdura Ovation 2.3,C,PS|C|V,008712,Melody_Lead.jpg
Petrol,Outdura Ovation 2.3,A,PS|C|U|V,005447-1,Petrol.jpg
Reflections Snow,Outdura Ovation 2.3,B,PS|C|V,009225,Reflections_Snow.jpg
Sail Away Summer,Outdura Ovation 2.3,B,PS|C,003817-1,Sail_Away_Summer.jpg
Sparkle Navy Blue,Outdura Ovation 2.3,A,PS|C|V,001726,Sparkle_Navy_Blue.jpg
Spiro Graphite,Outdura Ovation 2.3,D,PS|C|V,008530,Spiro_Graphite.jpg
Static Coal,Outdura Ovation 2.3,B,PS|C|V,008836,Static_Coal.jpg
Static Icing,Outdura Ovation 2.3,B,PS|C|V,008826,Static_Icing.jpg
Static Pebble,Outdura Ovation 2.3,B,PS|C|V,008829,Static_Pebble.jpg
Taupe,Outdura Ovation 2.3,A,PS|C|U|V,005412-1,Taupe.jpg
Timbre Peat,Outdura Ovation 2.3,D,PS|C|V,008176,Timbre_Peat.jpg
Birk Chestnut,Bella-Dura,D,PS|C,0099-48,Birk_Chestnut.jpg
Birk Dove,Bella-Dura,D,PS|C,0099-49,Birk_Dove.jpg
Festoon Pewter,Bella-Dura,C,PS|C,0099-47,Festoon_Pewter.jpg
Firth Wheat,Bella-Dura,C,PS|C,0099-18,Firth_Wheat.jpg
Nye Ash,Bella-Dura,B,PS|C,0099-30,Nye_Ash.jpg
Nye Fog,Bella-Dura,B,PS|C,0099-28,Nye_Fog.jpg
Nye Nautical,Bella-Dura,B,PS|C,0099-34,Nye_Nautical.jpg
Nye Oat,Bella-Dura,B,PS|C,0099-27,Nye_Oat.jpg
Rustica Admiral,Bella-Dura,C,PS|C,0099-6,Rustica_Admiral.jpg
Solis Seaglass,Bella-Dura,C,PS|C,0099-45,Solis_Seaglass.jpg
Action Ash,Sunbrella Top In-Stock,D,PS|C|V|U,0044285-0001,Action_Ash.jpg
Array Dune,Sunbrella Top In-Stock,D,PS|C|V,00145654-0001,Array_Dune.jpg
Assemble II Teak,Sunbrella Top In-Stock,D,PS|C|V,0047247-0001,Assemble_II_Teak.jpg
Assemble Sand,Sunbrella Top In-Stock,D,PS|C|V,0047246-0001,Assemble_Sand.jpg
Astoria Sunset,Sunbrella Top In-Stock,B,PS|C,0056095-0000,Astoria_Sunset.jpg
Beaming Lagoon,Sunbrella Top In-Stock,B,PS|C|U,0014118-0000,Beaming_Lagoon.jpg
Beaming Mojave,Sunbrella Top In-Stock,B,PS|C|U,0014119-0000,Beaming_Mojave.jpg
Berenson Tuxedo,Sunbrella Top In-Stock,B,PS|C,008521,Berenson_Tuxedo.jpg
Blend Coal,Sunbrella Top In-Stock,C,PS|C|V|U,0016001-0008,Blend_Coal.jpg
Blend Indigo,Sunbrella Top In-Stock,C,PS|C|V|U,0016001-0001,Blend_Indigo.jpg
Blend Linen,Sunbrella Top In-Stock,C,PS|C|V|U,0016001-0014,Blend_Linen.jpg
Blend Sand,Sunbrella Top In-Stock,C,PS|C|V|U,0016001-0012,Blend_Sand.jpg
Bliss Aloe,Sunbrella Upholstery,A,PS|C|V|U,0048135-0017,Bliss_Aloe.jpg
Bliss Breeze,Sunbrella Upholstery,A,PS|C|V|U,0048135-0016,Bliss_Breeze.jpg
Bliss Dew,Sunbrella Upholstery,A,PS|C|V|U,0048135-0014,Bliss_Dew.jpg
Bliss Linen,Sunbrella Upholstery,A,PS|C|V|U,0048135-0001,Bliss_Linen.jpg
Bliss Sand,Sunbrella Upholstery,A,PS|C|V|U,0048135-0002,Bliss_Sand.jpg
Bliss Smoke,Sunbrella Upholstery,A,PS|C|V|U,0048135-0003,Bliss_Smoke.jpg
Brannon Stripe Redwood,Sunbrella Upholstery,B,PS|C|U,005612,Brannon_Stripe_Redwood.jpg
Brannon Whisper,Sunbrella Upholstery,B,PS|C|U,005621,Brannon_Whisper.jpg
Cabana Classic,Sunbrella Upholstery,B,PS|C|U,0058030-0000,Cabana_Classic.jpg
Cabana Regatta,Sunbrella Upholstery,B,PS|C|U,0058029-0000,Cabana_Regatta.jpg
Calm Graphite,Sunbrella Upholstery,C,PS|C|V|U,00145854-0001,Calm_Graphite.jpg
Calm Laurel,Sunbrella Upholstery,C,PS|C|V|U,00145854-0002,Calm_Laurel.jpg
Canvas Air Blue,Sunbrella Upholstery,B,PS|C|V|U,005410,Canvas_Air_Blue.jpg
Canvas Antique Beige,Sunbrella Upholstery,B,PS|C|V|U,005422,Canvas_Antique_Beige.jpg
Canvas Aruba,Sunbrella Upholstery,B,PS|C|V|U,005416,Canvas_Aruba.jpg
Canvas Birds Eye,Sunbrella Upholstery,B,PS|C|V|U,005472,Canvas_Birds_Eye.jpg
Canvas Black,Sunbrella Upholstery,B,PS|C|V|U,005408,Canvas_Black.jpg
Canvas Brick,Sunbrella Upholstery,B,PS|C|V|U,005409,Canvas_Brick.jpg
Canvas Burgundy,Sunbrella Upholstery,B,PS|C|V|U,005436,Canvas_Burgundy.jpg
Canvas Buttercup,Sunbrella Upholstery,B,PS|C|V|U,005438,Canvas_Buttercup.jpg
Canvas Canvas,Sunbrella Upholstery,B,PS|C|V|U,005453,Canvas_Canvas.jpg
Canvas Capri,Sunbrella Upholstery,B,PS|C|V|U,005426,Canvas_Capri.jpg
Canvas Charcoal,Sunbrella Upholstery,A,PS|C|V|U,0054048-0000,Canvas_Charcoal.jpg
Canvas Cloud,Sunbrella Upholstery,B,PS|C|V|U,0057012-0000,Canvas_Cloud.jpg
Canvas Coal,Sunbrella Upholstery,A,PS|C|V|U,005489,Canvas_Coal.jpg
Canvas Cocoa,Sunbrella Upholstery,B,PS|C|V|U,005425,Canvas_Cocoa.jpg
Canvas Fern,Sunbrella Upholstery,B,PS|C|V|U,005487,Canvas_Fern.jpg
Canvas Flax,Sunbrella Upholstery,A,PS|C|V|U,005492-0000,Canvas_Flax.jpg
Canvas Forest Green,Sunbrella Upholstery,B,PS|C|V|U,005446,Canvas_Forest_Green.jpg
Canvas Ginkgo,Sunbrella Upholstery,B,PS|C|V|U,54011-0000,Canvas_Ginkgo.jpg
Canvas Granite,Sunbrella Upholstery,A,PS|C|V|U,005402-0000,Canvas_Granite.jpg
Canvas Harvest,Sunbrella Upholstery,B,PS|C|V|U,0014165-0000,Canvas_Harvest.jpg
Canvas Haze,Sunbrella Upholstery,B,PS|C|V|U,0014059-0054,Canvas_Haze.jpg
Canvas Heather Beige,Sunbrella Upholstery,A,PS|C|V|U,005476,Canvas_Heather_Beige.jpg
Canvas Henna,Sunbrella Upholstery,B,PS|C|V|U,005407,Canvas_Henna.jpg
Canvas Hot Pink,Sunbrella Upholstery,B,PS|C|V|U,005462-0000,Canvas_Hot_Pink.jpg
Canvas Java,Sunbrella Upholstery,B,PS|C|V|U,0057014-0000,Canvas_Java.jpg
Canvas Jockey Red,Sunbrella Upholstery,B,PS|C|V|U,005403,Canvas_Jockey_Red.jpg
Canvas Logo Red,Sunbrella Upholstery,B,PS|C|V|U,005477,Canvas_Logo_Red.jpg
Canvas Macaw,Sunbrella Upholstery,B,PS|C|V|U,005429,Canvas_Macaw.jpg
Canvas Melon,Sunbrella Upholstery,B,PS|C|V|U,005415,Canvas_Melon.jpg
Canvas Mineral Blue,Sunbrella Upholstery,B,PS|C|V|U,005420,Canvas_Mineral_Blue.jpg
Canvas Natural,Sunbrella Upholstery,B,PS|C|V|U,005404,Canvas_Natural.jpg
Canvas Navy,Sunbrella Upholstery,B,PS|C|V|U,005439,Canvas_Navy.jpg
Canvas Pacific Blue,Sunbrella Upholstery,B,PS|C|V|U,005401,Canvas_Pacific_Blue.jpg
Canvas Persimmon,Sunbrella Upholstery,B,PS|C|V|U,0057013-0000,Canvas_Persimmon.jpg
Canvas Raffia,Sunbrella Upholstery,A,PS|C|V|U,0014107-0000,Canvas_Raffia.jpg
Canvas Raven Black,Sunbrella Upholstery,B,PS|C|V|U,005471,Canvas_Raven_Black.jpg
Canvas Regatta,Sunbrella Upholstery,B,PS|C|V|U,005493-0000,Canvas_Regatta.jpg
Canvas Rust,Sunbrella Upholstery,B,PS|C|V|U,54010-0000,Canvas_Rust.jpg
Canvas Sapphire Blue,Sunbrella Upholstery,B,PS|C|V|U,005452,Canvas_Sapphire_Blue.jpg
Canvas Seasalt,Sunbrella Upholstery,A,PS|C|V|U,0014106-0000,Canvas_Seasalt.jpg
Canvas Spa,Sunbrella Upholstery,B,PS|C|V|U,005413,Canvas_Spa.jpg
Canvas Sunflower Yellow,Sunbrella Upholstery,B,PS|C|V|U,005457,Canvas_Sunflower_Yellow.jpg
Canvas Tangerine,Sunbrella Upholstery,B,PS|C|V|U,005406,Canvas_Tangerine.jpg
Canvas Taupe,Sunbrella Upholstery,B,PS|C|V|U,005461,Canvas_Taupe.jpg
Canvas Teak,Sunbrella Upholstery,B,PS|C|V|U,005488,Canvas_Teak.jpg
Canvas Teal,Sunbrella Upholstery,B,PS|C|V|U,005456,Canvas_Teal.jpg
Canvas Terracotta,Sunbrella Upholstery,B,PS|C|V|U,005440,Canvas_Terracotta.jpg
Canvas True Blue,Sunbrella Upholstery,B,PS|C|V|U,005499,Canvas_True_Blue.jpg
Canvas Tuscan,Sunbrella Upholstery,B,PS|C|V|U,005417,Canvas_Tuscan.jpg
Canvas Vellum,Sunbrella Upholstery,B,PS|C|V|U,005498,Canvas_Vellum.jpg
Canvas White,Sunbrella Upholstery,B,PS|C|V|U,0057003-0000,Canvas_White.jpg
Carousel Confetti,Sunbrella Upholstery,B,PS|C|U,007774-0000,Carousel_Confetti.jpg
Cast Ash,Sunbrella Upholstery,A,PS|C|V|U,0040428-0000,Cast_Ash.jpg
Cast Breeze,Sunbrella Upholstery,B,PS|C|V|U,0048094-0000,Cast_Breeze.jpg
Cast Charcoal,Sunbrella Upholstery,B,PS|C|V|U,0040483-0001,Cast_Charcoal.jpg
Cast Horizon,Sunbrella Upholstery,B,PS|C|V|U,0048091-0000,Cast_Horizon.jpg
Cast Ivy,Sunbrella Upholstery,B,PS|C|V|U,0048141-0000,Cast_Ivy.jpg
Cast Lagoon,Sunbrella Upholstery,B,PS|C|V|U,0040456-0000,Cast_Lagoon.jpg
Cast Mist,Sunbrella Upholstery,B,PS|C|V|U,0040429-0000,Cast_Mist.jpg
Cast Oasis,Sunbrella Upholstery,B,PS|C|V|U,0040430-0000,Cast_Oasis.jpg
Cast Ocean,Sunbrella Upholstery,B,PS|C|V|U,0048103-0000,Cast_Ocean.jpg
Cast Pumice,Sunbrella Upholstery,B,PS|C|V|U,0048114-0000,Cast_Pumice.jpg
Cast Sage,Sunbrella Upholstery,B,PS|C|V|U,0048092-0000,Cast_Sage.jpg
Cast Sand,Sunbrella Upholstery,A,PS|C|V,0049013-0000,Cast_Sand.jpg
Cast Shale,Sunbrella Upholstery,A,PS|C|V|U,0040432-0000,Cast_Shale.jpg
Cast Silver,Sunbrella Upholstery,A,PS|C|V|U,0040433-0000,Cast_Silver.jpg
Cast Slate,Sunbrella Upholstery,A,PS|C|V|U,0040434-0000,Cast_Slate.jpg
Charmer Desert,Sunbrella Upholstery,C,PS|C|V|U,0042111-0005,Charmer_Desert.jpg
Charmer Indigo,Sunbrella Upholstery,C,PS|C|V|U,0042111-0006,Charmer_Indigo.jpg
Charmer Limestone,Sunbrella Upholstery,C,PS|C|V|U,0042111-0002,Charmer_Limestone.jpg
Charmer Parchment,Sunbrella Upholstery,C,PS|C|V|U,0042111-0001,Charmer_Parchment.jpg
Charmer Pebble,Sunbrella Upholstery,C,PS|C|V|U,0042111-0003,Charmer_Pebble.jpg
Charmer Wren,Sunbrella Upholstery,C,PS|C|V|U,0042111-0004,Charmer_Wren.jpg
Clock Out Cloud,Sunbrella Upholstery,C,PS|C|U,00146205-0003,Clock_Out_Cloud.jpg
Clock Out Frond,Sunbrella Upholstery,C,PS|C|U,00146205-0001,Clock_Out_Frond.jpg
Cove Pebble,Sunbrella Upholstery,B,PS|C|U,0058036-0000,Cove_Pebble.jpg
Cultivate Stone,Sunbrella Upholstery,B,PS|C|U,0056107-0000,Cultivate_Stone.jpg
Direction Dew,Sunbrella Upholstery,B,PS|C|U,0040599-0002,Direction_Dew.jpg
Direction Linen,Sunbrella Upholstery,B,PS|C|U,0040599-0001,Direction_Linen.jpg
Dolce Mango,Sunbrella Upholstery,B,PS|C|U,0056000,Dolce_Mango.jpg
Dolce Oasis,Sunbrella Upholstery,B,PS|C|U,0056001,Dolce_Oasis.jpg
Dream Dune,Sunbrella Upholstery,C,PS|C|V|U,00146395-0002,Dream_Dune.jpg
Dream Mist,Sunbrella Upholstery,C,PS|C|V|U,00146395-0001,Dream_Mist.jpg
Dupione Celeste,Sunbrella Upholstery,B,PS|C|V|U,008067-0000,Dupione_Celeste.jpg
Dupione Deep Sea,Sunbrella Upholstery,B,PS|C|V|U,008019,Dupione_Deep_Sea.jpg
Dupione Sand,Sunbrella Upholstery,B,PS|C|V|U,008011,Dupione_Sand.jpg
Echo Ash,Sunbrella Upholstery,B,PS|C|V,0057005-0000,Echo_Ash.jpg
Embrace Indigo,Sunbrella Upholstery,C,PS|C|V|U,00145849-0003,Embrace_Indigo.jpg
Embrace Linen,Sunbrella Upholstery,C,PS|C|V|U,00145849-0002,Embrace_Linen.jpg
Embrace Pewter,Sunbrella Upholstery,C,PS|C|V|U,00145849-0001,Embrace_Pewter.jpg
Empire Dove,Sunbrella Upholstery,D,PS|C|V,0045837-0002,Empire_Dove.jpg
Exhale Adobe,Sunbrella Upholstery,B,PS|C|V,00400001-0007,Exhale_Adobe.jpg
Exhale Cloud,Sunbrella Upholstery,B,PS|C|V,00400001-0001,Exhale_Cloud.jpg
Exhale Dewdrop,Sunbrella Upholstery,B,PS|C|V,00400001-0003,Exhale_Dewdrop.jpg
Exhale Driftwood,Sunbrella Upholstery,B,PS|C|V,00400001-0005,Exhale_Driftwood.jpg
Exhale Rainwashed,Sunbrella Upholstery,B,PS|C|V,00400001-0004,Exhale_Rainwashed.jpg
Exhale Sky,Sunbrella Upholstery,B,PS|C|V,00400001-0002,Exhale_Sky.jpg
Exhale Teak,Sunbrella Upholstery,B,PS|C|V,00400001-0006,Exhale_Teak.jpg
Expressive Blush,Sunbrella Upholstery,B,PS|C|U,0014123-0000,Expressive_Blush.jpg
Expressive Mist,Sunbrella Upholstery,B,PS|C|U,0014120-0000,Expressive_Mist.jpg
Expressive Sparrow,Sunbrella Upholstery,B,PS|C|U,0014121-0000,Expressive_Sparrow.jpg
Gateway Aloe,Sunbrella Upholstery,A,PS|C|U,0014092-0000,Gateway_Aloe.jpg
Gateway Coast,Sunbrella Upholstery,A,PS|C|U,0014087-0000,Gateway_Coast.jpg
Gateway Mist,Sunbrella Upholstery,B,PS|C|U,0058039-0000,Gateway_Mist.jpg
Harwood Crimson,Sunbrella Upholstery,B,PS|C|U,005603,Harwood_Crimson.jpg
Hybrid Smoke,Sunbrella Upholstery,D,PS|C|V|U,0042079-0000,Hybrid_Smoke.jpg
Infused Gem,Sunbrella Upholstery,D,PS|C|V|U,00145853-0001,Infused_Gem.jpg
Leisure Denim,Sunbrella Upholstery,B,PS|C,0040625-0001,Leisure_Denim.jpg
Lido Indigo,Sunbrella Upholstery,B,PS|C|U,0057004-0000,Lido_Indigo.jpg
Linen Natural,Sunbrella Upholstery,B,PS|C|V|U,008304,Linen_Natural.jpg
Linen Sesame,Sunbrella Upholstery,B,PS|C|V|U,008318,Linen_Sesame.jpg
Linen Silver,Sunbrella Upholstery,B,PS|C|V|U,008351,Linen_Silver.jpg
Linen Stone,Sunbrella Upholstery,B,PS|C|V|U,008319,Linen_Stone.jpg
Lively Parchment,Sunbrella Upholstery,B,PS|C|V|U,00146404-0002,Lively_Parchment.jpg
Lively Sage,Sunbrella Upholstery,B,PS|C|V|U,00146404-0001,Lively_Sage.jpg
Lore Canyon,Sunbrella Upholstery,A,PS|C|V|U,0048146-0002,Lore_Canyon.jpg
Lore Moss,Sunbrella Upholstery,A,PS|C|V|U,0048146-0003,Lore_Moss.jpg
Mainstreet Dove,Sunbrella Upholstery,C,PS|C|V,0042048-0015,Mainstreet_Dove.jpg
Mainstreet Latte,Sunbrella Upholstery,E,PS|C|V|U,0042048-0009,Mainstreet_Latte.jpg
Mainstreet Putty,Sunbrella Upholstery,C,PS|C|V,0042048-0012,Mainstreet_Putty.jpg
Marvel Mushroom,Sunbrella Upholstery,B,PS|C|V|U,0044494-0004,Marvel_Mushroom.jpg
Mason Forest Green Stripe,Sunbrella Upholstery,B,PS|C|U,005630,Mason_Forest_Green_Stripe.jpg
Maxim Heather Beige,Sunbrella Upholstery,B,PS|C|U,005674,Maxim_Heather_Beige.jpg
Midori Indigo,Sunbrella Upholstery,E,PS|C|V|U,00145256-0001,Midori_Indigo.jpg
Midori Stone,Sunbrella Upholstery,E,PS|C|V|U,00145256-0005,Midori_Stone.jpg
Milano Char,Sunbrella Upholstery,B,PS|C|U,0056079-0000,Milano_Char.jpg
Milano Cobalt,Sunbrella Upholstery,B,PS|C|U,0056080-0000,Milano_Cobalt.jpg
Momento Dove,Sunbrella Upholstery,C,PS|C|V|U,0042105-0003,Momento_Dove.jpg
Momento Parchment,Sunbrella Upholstery,E,PS|C|V|U,0042105-0002,Momento_Parchment.jpg
Momento Snow,Sunbrella Upholstery,E,PS|C|V|U,0042105-0001,Momento_Snow.jpg
Nuance Cloud,Sunbrella Upholstery,B,PS|C|V,00400000-0001,Nuance_Cloud.jpg
Nuance Dove,Sunbrella Upholstery,B,PS|C|V,00400000-0004,Nuance_Dove.jpg
Nuance Eggshell,Sunbrella Upholstery,B,PS|C|V,00400000-0002,Nuance_Eggshell.jpg
Nuance Sand,Sunbrella Upholstery,B,PS|C|V,00400000-0003,Nuance_Sand.jpg
Nurture Charcoal,Sunbrella Upholstery,D,PS|C|V|U,0042102-0006,Nurture_Charcoal.jpg
Nurture Haze,Sunbrella Upholstery,D,PS|C|V|U,0042102-0009,Nurture_Haze.jpg
Nurture Indigo,Sunbrella Upholstery,D,PS|C|V|U,0042102-0008,Nurture_Indigo.jpg
Nurture Pebble,Sunbrella Upholstery,D,PS|C|V|U,0042102-0002,Nurture_Pebble.jpg
Nurture White,Sunbrella Upholstery,D,PS|C|V|U,0042102-0001,Nurture_White.jpg
Peyton Granite,Sunbrella Upholstery,B,PS|C|U,0056075-0000,Peyton_Granite.jpg
Platform Cloud,Sunbrella Upholstery,C,PS|C|V,0042091-0011,Platform_Cloud.jpg
Platform Indigo,Sunbrella Upholstery,C,PS|C|V|U,0042091-0003,Platform_Indigo.jpg
Platform Salt,Sunbrella Upholstery,C,PS|C|V|U,0042091-0013,Platform_Salt.jpg
Play Adobe,Sunbrella Upholstery,A,PS|C|V|U,0040616-0011,Play_Adobe.jpg
Play Camel,Sunbrella Upholstery,A,PS|C|V|U,0040616-0003,Play_Camel.jpg
Play Cameo,Sunbrella Upholstery,A,PS|C|V|U,0040616-0014,Play_Cameo.jpg
Play Jungle,Sunbrella Upholstery,A,PS|C|V|U,0040616-0008,Play_Jungle.jpg
Play Lagoon,Sunbrella Upholstery,A,PS|C|V|U,0040616-0009,Play_Lagoon.jpg
Play Mocha,Sunbrella Upholstery,A,PS|C|V|U,0040616-0004,Play_Mocha.jpg
Play Mushroom,Sunbrella Upholstery,A,PS|C|V|U,0040616-0005,Play_Mushroom.jpg
Play Navy,Sunbrella Upholstery,A,PS|C|V|U,0040616-0010,Play_Navy.jpg
Play Oat,Sunbrella Upholstery,A,PS|C|V|U,0040616-0002,Play_Oat.jpg
Play Sage,Sunbrella Upholstery,A,PS|C|V|U,0040616-0007,Play_Sage.jpg
Play Scarlet,Sunbrella Upholstery,A,PS|C|V|U,0040616-0013,Play_Scarlet.jpg
Play Sky,Sunbrella Upholstery,A,PS|C|V|U,0040616-0006,Play_Sky.jpg
Play Snow,Sunbrella Upholstery,A,PS|C|V|U,0040616-0001,Play_Snow.jpg
Play Teak,Sunbrella Upholstery,A,PS|C|V|U,0040616-0012,Play_Teak.jpg
Principle Lagoon,Sunbrella Upholstery,D,PS|C|V,0016009-0002,Principle_Lagoon.jpg
Principle Tropics,Sunbrella Upholstery,D,PS|C|V,0016009-0001,Principle_Tropics.jpg
Relate Harbor,Sunbrella Upholstery,B,PS|C|U,0057017-0004,Relate_Harbor.jpg
Relate Ivy,Sunbrella Upholstery,B,PS|C|U,0057017-0002,Relate_Ivy.jpg
Relate Persimmon,Sunbrella Upholstery,B,PS|C|U,0057017-0003,Relate_Persimmon.jpg
Remix Camel,Sunbrella Upholstery,A,PS|C|V|U,0048145-0002,Remix_Camel.jpg
Remix Denim,Sunbrella Upholstery,A,PS|C|V|U,0048145-0006,Remix_Denim.jpg
Remix Mesa,Sunbrella Upholstery,A,PS|C|V|U,0048145-0005,Remix_Mesa.jpg
Remix Silk,Sunbrella Upholstery,A,PS|C|V|U,0048145-0003,Remix_Silk.jpg
Sail Away Aloe,Sunbrella Upholstery,B,PS|C|U,0040606-0002,Sail_Away_Aloe.jpg
Sail Away Denim,Sunbrella Upholstery,B,PS|C|U,0040606-0003,Sail_Away_Denim.jpg
Sail Away Java,Sunbrella Upholstery,B,PS|C|U,0040606-0004,Sail_Away_Java.jpg
Sail Away Sunflower,Sunbrella Upholstery,B,PS|C|U,0040606-0001,Sail_Away_Sunflower.jpg
Sailcloth Sahara,Sunbrella Upholstery,D,PS|C|V|U,0032000-0016,Sailcloth_Sahara.jpg
Sailcloth Sailor,Sunbrella Upholstery,D,PS|C|V|U,0032000-0026,Sailcloth_Sailor.jpg
Sailcloth Salt,Sunbrella Upholstery,D,PS|C|V|U,32000-0018,Sailcloth_Salt.jpg
Sailcloth Seagull,Sunbrella Upholstery,D,PS|C|V|U,0032000-0023,Sailcloth_Seagull.jpg
Saltillo Sagebrush,Sunbrella Upholstery,A,PS|C,0014153-0000,Saltillo_Sagebrush.jpg
Saltillo Sedona,Sunbrella Upholstery,A,PS|C,0014152-0000,Saltillo_Sedona.jpg
Seville Seaside,Sunbrella Upholstery,B,PS|C|V|U,005608,Seville_Seaside.jpg
Shadow Sand,Sunbrella Upholstery,A,PS|C|V|U,51000-0001,Shadow_Sand.jpg
Shadow Snow,Sunbrella Upholstery,A,PS|C|V|U,51000-0000,Shadow_Snow.jpg
Shore Classic,Sunbrella Upholstery,B,PS|C|U,0058033-0000,Shore_Classic.jpg
Solana Seagull,Sunbrella Upholstery,D,PS|C|U,0032008-0000,Solana_Seagull.jpg
Solve Clay,Sunbrella Upholstery,C,PS|C|V|U,00146397-0002,Solve_Clay.jpg
Solve Denim,Sunbrella Upholstery,C,PS|C|V,00146397-0001,Solve_Denim.jpg
Solve Linen,Sunbrella Upholstery,C,PS|C|V|U,00146397-0003,Solve_Linen.jpg
Spectrum Carbon,Sunbrella Upholstery,A,PS|C|V|U,0048085-0000,Spectrum_Carbon.jpg
Spectrum Cilantro,Sunbrella Upholstery,B,PS|C|V|U,48022-0000,Spectrum_Cilantro.jpg
Spectrum Denim,Sunbrella Upholstery,A,PS|C|V|U,0048086-0000,Spectrum_Denim.jpg
Spectrum Dove,Sunbrella Upholstery,A,PS|C|V|U,48032-0000,Spectrum_Dove.jpg
Spectrum Eggshell,Sunbrella Upholstery,A,PS|C|V|U,48018-0000,Spectrum_Eggshell.jpg
Spectrum Graphite,Sunbrella Upholstery,A,PS|C|V|U,48030-0000,Spectrum_Graphite.jpg
Spectrum Indigo,Sunbrella Upholstery,A,PS|C|V|U,0048080-0000,Spectrum_Indigo.jpg
Spectrum Mushroom,Sunbrella Upholstery,A,PS|C|V|U,48031-0000,Spectrum_Mushroom.jpg
Spectrum Peacock,Sunbrella Upholstery,A,PS|C|V|U,0048081-0000,Spectrum_Peacock.jpg
Spectrum Sand,Sunbrella Upholstery,A,PS|C|V|U,48019-0000,Spectrum_Sand.jpg
Surround Sunrise,Sunbrella Upholstery,B,PS|C|U,0040584-0002,Surround_Sunrise.jpg
Token Surfside,Sunbrella Upholstery,B,PS|C|U,0058040-0000,Token_Surfside.jpg
Tranquil Camel,Sunbrella Upholstery,B,PS|C|U,0044493-0002,Tranquil_Camel.jpg
Tranquil Linen,Sunbrella Upholstery,B,PS|C|U,0044493-0003,Tranquil_Linen.jpg
Tranquil Sage,Sunbrella Upholstery,B,PS|C|U,0044493-0001,Tranquil_Sage.jpg
Trusted Fog,Sunbrella Upholstery,B,PS|C|U,0040524-0001,Trusted_Fog.jpg
Unwind Cameo,Sunbrella Upholstery,B,PS|C,00400004-0001,Unwind_Cameo.jpg
Unwind Driftwood,Sunbrella Upholstery,B,PS|C,00400005-0001,Unwind_Driftwood.jpg
Unwind Rainwashed,Sunbrella Upholstery,B,PS|C,00400003-0001,Unwind_Rainwashed.jpg
Unwind Sky,Sunbrella Upholstery,B,PS|C,00400002-0001,Unwind_Sky.jpg
Valley Desert,Sunbrella Upholstery,C,PS|C|V,00146597-0003,Valley_Desert.jpg
Valley Dune,Sunbrella Upholstery,C,PS|C|V,00146597-0006,Valley_Dune.jpg
Valley Sedona,Sunbrella Upholstery,C,PS|C|V,00146597-0010,Valley_Sedona.jpg
Voyage Breeze,Sunbrella Upholstery,D,PS|C|V|U,00146206-0003,Voyage_Breeze.jpg
Voyage Dune,Sunbrella Upholstery,D,PS|C|V|U,00146206-0004,Voyage_Dune.jpg
Voyage Indigo,Sunbrella Upholstery,D,PS|C|V|U,00146206-0001,Voyage_Indigo.jpg
Voyage Tamale,Sunbrella Upholstery,D,PS|C|V|U,00146206-0002,Voyage_Tamale.jpg
Aria Blush,Tempotest Top In-Stock,E,PS|C,0051598-7,Aria_Blush.png
Aria Powder Blue,Tempotest Top In-Stock,E,PS|C,0051598-8,Aria_Powder_Blue.png
Bistro Granite,Tempotest Top In-Stock,A,PS|C,005435-24,Bistro_Granite.png
Caravaggio Dark Pewter,Tempotest Top In-Stock,D,PS|C,0051608-4,Caravaggio_Dark_Pewter.png
Casanova Gunmetal,Tempotest Top In-Stock,B,PS|C,005436-94,Casanova_Gunmetal.png
Casanova Timber,Tempotest Top In-Stock,B,PS|C,005436-926,Casanova_Timber.png
Finestra Timber,Tempotest Top In-Stock,E,PS|C,005179-3,Finestra_Timber.png
Fredda Brindle,Tempotest Top In-Stock,B,PS|C,005420-926,Fredda_Brindle.png
Grano Burnish,Tempotest Top In-Stock,E,PS|C,0051792-3,Grano_Burnish.png
Grano Desert Taupe,Tempotest Top In-Stock,E,PS|C,0051792-4,Grano_Desert_Taupe.png
Maestro Bloom,Tempotest Top In-Stock,E,PS|C,0054671-5,Maestro_Bloom.png
Michelangelo Mocha,Tempotest Top In-Stock,E,PS|C,0050964-13,Michelangelo_Mocha.png
Michelangelo Silver Beige,Tempotest Top In-Stock,D,PS|C,0050964-23,Michelangelo_Silver_Beige.png
Murano Burnish,Tempotest Top In-Stock,D,PS|C,0051685-5,Murano_Burnish.png
Murano Latte,Tempotest Top In-Stock,E,PS|C,0051685-8,Murano_Latte.png
Newport Coastal,Tempotest Top In-Stock,E,PS|C,005437-21,Newport_Coastal.png
Newport Hemp,Tempotest Top In-Stock,A,PS|C,005437-102,Newport_Hemp.png
Presidio Hemp,Tempotest Top In-Stock,A,PS|C,005414-926,Presidio_Hemp.png
Presidio Oceana,Tempotest Top In-Stock,A,PS|C,005414-87,Presidio_Oceana.png
Spumoni Conch,Tempotest Top In-Stock,B,PS|C,005438-90,Spumoni_Conch.png
Spumoni Tidewater,Tempotest Top In-Stock,B,PS|C,005438-701,Spumoni_Tidewater.png
Strada Hemp,Tempotest Top In-Stock,E,PS|C,0051665-3,Strada_Hemp.png
Tango Burnish,Tempotest Top In-Stock,A,PS|C,005416-102,Tango_Burnish.png
Tango Isle Of Palms,Tempotest Top In-Stock,A,PS|C,005416-21,Tango_Isle_Of_Palms.png
Tivoli Maritime,Tempotest Top In-Stock,B,PS|C,0051695-20,Tivoli_Maritime.png
Donatello Taupe,Tempotest,C,PS|C|V,0050963-11,Donatello_Taupe.png
