name,number
Refresh Hedge,40639-0000
Cast Hedge,49016-0000
Principle Lagoon,16009-0002
Entice Moss,40637-0000
Assemble II Mist,47247-0004
Bliss Linen,48135-0001
Sail Away Aloe,40606-0002
Cast Seaglass,49015-0000
Refresh Canyon,40641-0000
Cast Desert,49018-0000
Principle Tropics,16009-0001
Solve Clay,146397-0002
Canvas Navy,5439-0000
Midori Indigo,145256-0001
Relate Harbor,57017-0004
Canvas White,57003-0000
Canvas Natural,5404-0000
Cast Ash,40428-0000
Blend Linen,16001-0014
Cast Silver,40433-0000
Spectrum Indigo,48080-0000
Canvas Flax,5492-0000
Bliss Aloe,48135-0017
Cast Oasis,40430-0000
Canvas Fern,5487-0000
Cast Sage,48092-0000
Canvas Granite,5402-0000
Spectrum Denim,48086-0000
Cast Slate,40434-0000
Tranquil Sage,44493-0001
Mainstreet Putty,42048-0012
Canvas Cloud,57012-0000
Canvas Air Blue,5410-0000
Nurture White,42102-0001
Blend Sand,16001-0012
Bliss Sand,48135-0002
Cast Pumice,48114-0000
Bliss Dew,48135-0014
Canvas Haze,14059-0054
Play Sky,40616-0006
Nurture Indigo,42102-0008
Nurture Pebble,42102-0002
Remix Parchment,48145-0001
Cast Mist,40429-0000
Blend Indigo,16001-0001
Cast Charcoal,40483-0001
Nurture Haze,42102-0009
Cast Lagoon,40456-0000
Canvas Sapphire Blue,5452-0000
Cast Shale,40432-0000
Mainstreet Dove,42048-0015
Tranquil Camel,44493-0002
Canvas Seasalt,14106-0000
Expressive Blush,14123-0000
Canvas Brick,5409-0000
Canvas Regatta,5493-0000
Canvas Taupe,5461-0000
Canvas Spa,5413-0000
Embrace Indigo,145849-0003
Canvas Antique Beige,5422-0000
Canvas Canvas,5453-0000
Canvas Heather Beige,5476-0000
Spectrum Dove,48032-0000
Spectrum Cilantro,48022-0000
Canvas Terracotta,5440-0000
Nurture Charcoal,42102-0006
Echo Ash,57005-0000
Linen Stone,8319-0000
Mainstreet Latte,42048-0009
Spectrum Carbon,48085-0000
Canvas Persimmon,57013-0000
Canvas Rust,54010-0000
Cast Breeze,48094-0000
Cast Ivy,48141-0000
Play Jungle,40616-0008
Linen Silver,8351-0000
Nurture Shale,42102-0004
Canvas Ginkgo,54011-0000
Sail Away Denim,40606-0003
Cabana Classic,58030-0000
Canvas Black,5408-0000
Canvas Forest Green,5446-0000
Canvas Mineral Blue,5420-0000
Tranquil Linen,44493-0003
Canvas Buttercup,5438-0000
Platform Salt,42091-0013
Bliss Smoke,48135-0003
Canvas Charcoal,54048-0000
Canvas Skyline,14091-0000
Play Adobe,40616-0011
Replay Fern,40621-0009
Context Indigo,48138-0001
Canvas Teak,5488-0000
Marvel Cloud,44494-0002
Sailcloth Salt,32000-0018
Canvas True Blue,5499-0000
Lore Moss,48146-0003
Mason Forest Green,5630-0000
Remix Denim,48145-0006
Canvas Jockey Red,5403-0000
Canvas Pacific Blue,5401-0000
Cast Ocean,48103-0000
Remix Mesa,48145-0005
Canvas Coal,5489-0000
Sail Away Sunflower,40606-0001
Canvas Sunflower Yellow,5457-0000
Cove Pebble,58036-0000
Blend Coal,16001-0008
Dream Mist,146395-0001
Exhale Rainwashed,400001-0004
Lore Lagoon,48146-0004
Saltillo Sagebrush,14153-0000
Spectrum Mushroom,48031-0000
Influence Teak,146222-0003
Canvas Aruba,5416-0000
Linen Sesame,8318-0000
Beaming Mojave,14119-0000
Cabana Regatta,58029-0000
Direction Dew,40599-0002
Marvel Sage,44494-0001
Momento Parchment,42105-0002
Play Sage,40616-0007
Wayward Sky,46088-0003
Ambrose Fern,40608-0010
Canvas Melon,5415-0000
Linen Natural,8304-0000
Play Cameo,40616-0014
Play Mushroom,40616-0005
Tectonic Coastal,46092-0001
Unwind Rainwashed,400003-0001
Cultivate Stone,56107-0000
Spectrum Peacock,48081-0000
Influence Cocoon,146222-0002
Lore Canyon,48146-0002
Maxim Heather Beige,5674-0000
Platform Indigo,42091-0003
Seville Seaside,5608-0000
Canvas Tangerine,5406-0000
Cast Coral,48108-0000
Embrace Linen,145849-0002
Exhale Dewdrop,400001-0003
Canvas Henna,5407-0000
Play Camel,40616-0003
Sail Away Java,40606-0004
Sailcloth Seagull,32000-0023
Astoria Sunset,56095-0000
Canvas Java,57014-0000
Cast Teak,48093-0000
Flora Sunset,146608-0001
Gateway Aloe,14092-0000
Replay Taupe,40621-0003
Voyage Indigo,146206-0001
Action Ash,44285-0001
Carlo Celery,146479-0005
Mixi Fern,44512-0001
Ortiz Onyx,146474-0003
Spectrum Sand,48019-0000
Gateway Mist,58039-0000
Plume Spring,146274-0002
Wayward Wren,46088-0002
Canvas Capri,5426-0000
Dupione Celeste,8067-0000
Dupione Papaya,8053-0000
Hybrid Smoke,42079-0000
Improve White,17003-0001
Replay Sea,40621-0006
Canvas Birds Eye,5472-0000
Cast Horizon,48091-0000
Gateway Coast,14087-0000
Heritage Leaf,18011-0000
Infused Gem,145853-0001
Replay Linen,40621-0001
Canvas Burgundy,5436-0000
Canvas Macaw,5429-0000
Charmer Limestone,42111-0002
Improve Dune,17003-0003
Valley Sedona,146597-0010
Brannon Redwood,5612-0000
Canvas Tuscan,5417-0000
Milano Char,56079-0000
Trusted Fog,40524-0001
Dolce Oasis,56001-0000
Marvel Indigo,44494-0005
Spectrum Daffodil,48024-0000
Berenson Tuxedo,8521-0000
Platform Cloud,42091-0011
Play Navy,40616-0010
Relate Ivy,57017-0002
Dupione Deep Sea,8019-0000
Etna Juniper,146590-0004
Heritage Rust,18021-0000
Replay Caramel,40621-0002
Royale Moss,73064-0004
Unwind Cameo,400004-0001
Charmer Wren,42111-0004
Kaia Mist,146437-0003
Sailcloth Sahara,32000-0016
Saltillo Sedona,14152-0000
Canvas Raffia,14107-0000
Carlo Denim,146479-0006
Carlo Mesa,146479-0002
Exhale Cloud,400001-0001
Floral Song Spring,146023-0002
Voyage Tamale,146206-0002
Canvas Twilight,14089-0000
Clock Out Indigo,146205-0002
Lido Indigo,57004-0000
Marvel Linen,44494-0003
Spectrum Cayenne,48026-0000
Adena Celeste,44268-0030
Embrace Pewter,145849-0001
Expressive Sparrow,14121-0000
Play Lagoon,40616-0009
Play Mocha,40616-0004
Revive Sand,11500-0003
Solana Seagull,32008-0000
Array Dune,145654-0001
Luxe Indigo,45690-0000
Remix Camel,48145-0002
Renew Earthen,145843-0001
Valley Herbal,146597-0005
Ambrose Linen,40608-0002
Cycle Denim,146396-0001
Heritage Indigo,18017-0000
Replay Clay,40621-0005
Revive Indigo,11500-0010
Spectrum Cherry,48096-0000
Benson Lagoon,47202-0004
Canvas Logo Red,5477-0000
Canvas Vellum,5498-0000
Heritage Char,18009-0000
Leisure Denim,40625-0001
Spectrum Graphite,48030-0000
Dolce Mango,56000-0000
Heritage Dijon,18023-0000
Improve Stucco,17003-0002
Linen Canvas,8353-0000
Play Snow,40616-0001
Renew Mist,145843-0002
Unwind Sky,400002-0001
Argo Clay,47250-0004
Carlo Graphite,146479-0001
Dupione Sand,8011-0000
Gateway Indigo,56102-0000
Harwood Crimson,5603-0000
Infused Twilight,145853-0002
Bliss Breeze,48135-0016
Brannon Whisper,5621-0000
Heritage Moss,18012-0000
Lore Desert,48146-0001
Play Teak,40616-0012
Regency Sand,5695-0000
Remix Mushroom,48145-0004
Reveal Canyon,146227-0001
Spectrum Eggshell,48018-0000
Ambrose Chambray,40608-0008
Beaming Lagoon,14118-0000
Etna Dune,146590-0001
Stanton Lagoon,58001-0000
Canvas Cyan,56105-0000
Canvas Raven Black,5471-0000
Canvas Tamale,14086-0000
Cast Sand,49013-0000
Clock Out Cloud,146205-0003
Play Oat,40616-0002
Plume Peacock,146274-0001
Relate Persimmon,57017-0003
Remix Silk,48145-0003
Sailcloth Sailor,32000-0026
Ambrose Terracotta,40608-0007
Canvas Harvest,14165-0000
Exhale Adobe,400001-0007
Expressive Mist,14120-0000
Fischer Lagoon,45885-0000
Floral Song Navy,146023-0003
Heritage Sable,18019-0000
Jaipur Frame II Chive,146409-0002
Marvel Mushroom,44494-0004
Peyton Granite,56075-0000
Resonate Atlantis,145656-0003
Surround Sunrise,40584-0002
Unwind Driftwood,400005-0001
Astoria Lagoon,56096-0000
Canvas Teal,5456-0000
Gateway Tamale,14088-0000
Bravada Limelite,5602-0000
Charmer Parchment,42111-0001
Dorsett Cherry,56059-0000
Heritage Alpine,18018-0000
Heritage Ashe,18001-0000
Mixi Linen,44512-0006
Momento Dove,42105-0003
Benson Sand,47202-0001
Direction Linen,40599-0001
Gavin Mist,56052-0000
Milano Cobalt,56080-0000
Play Scarlet,40616-0013
Solo Sky,40605-0010
Ambrose Denim,40608-0011
Bravada Salsa,5601-0000
Calm Graphite,145854-0001
Canvas Hot Pink,5462-0000
Heritage Sky,18016-0000
Heritage Slate,18015-0000
Midori Stone,145256-0005
Solve Denim,146397-0001
Voyage Breeze,146206-0003
Assemble II Clay,47247-0002
Beaming Fiesta,14122-0000
Exhale Teak,400001-0006
Lively Parchment,146404-0002
Nuance Cloud,400000-0001
Solo Chili,40605-0014
Token Surfside,58040-0000
Voyage Dune,146206-0004
Clock Out Frond,146205-0001
Plume Tropics,146274-0006
Spinner Diamond II Teak,146102-0005
Calm Laurel,145854-0002
Carlo Coastal,146479-0004
Dream Dune,146395-0002
Fretwork Flax,45991-0001
Frond Spring,146472-0002
Heritage Saddle,18020-0000
Martinique Mango,146484-0002
Refresh Dune,40640-0000
Charmer Indigo,42111-0006
Charmer Pebble,42111-0003
Exhale Sky,400001-0002
Heritage Papyrus,18006-0000
Patra Indigo,146425-0001
Shore Classic,58033-0000
Solve Linen,146397-0003
Trusted Coast,40524-0002
Heritage Scarlet,18022-0000
Kaia Wheat,146437-0002
Rapids Camel,73071-0001
Brushstroke Duck Egg,146588-0001
Carousel Confetti,7774-0000
Exhale Driftwood,400001-0005
Momento Snow,42105-0001
Refresh Spa,40638-0000
Spinner Diamond Onyx,145987-0001
Assemble II Teak,47247-0001
Brushstroke Stucco,146588-0005
Foster Metallic,56051-0000
Frond Sky,146472-0003
Margo Parchment,305811-0002
Shadow Sand,51000-0001
Spinner Diamond II Midnight,146102-0007
Valley Desert,146597-0003
Create Laurel,145844-0004
Heritage Smoke,18014-0000
Lively Sage,146404-0001
Margo Papaya,305811-0013
Margo Snow,305811-0001
Tectonic Parchment,46092-0003
Accord II Crimson,45936-0000
Ambrose Flax,40608-0004
Assemble Sand,47246-0001
Blox Slate,45542-0000
Carlo Sand,146479-0003
Cast Bisque,49014-0000
Charmer Desert,42111-0005
Royale Lagoon,73064-0005
Underline Denim,146035-0001
Vista Slate,46106-0009
Argo Toffee,47250-0003
Etched Angles Cognac,146469-0002
Jaipur Frame II Onyx,146409-0004
Nuance Eggshell,400000-0002
Valley Lagoon,146597-0004
Vista Alabaster,46106-0001
Cast Twilight,49017-0000
Cycle Sparrow,146396-0002
Kaia Linen,146437-0001
Royale Silk,73064-0001
Toro Wren,44502-0003
Vista Sand,46106-0006
Empire Dove,45837-0002
Margo Mink,305811-0004
Nuance Dove,400000-0004
Shelter Canyon,44530-0005
Vista Seasalt,46106-0008
Compose Linen,44459-0001
Entice Sunrise,40636-0000
Nuance Spa,400000-0009
Shadow Snow,51000-0000
Etched Angles II Char,146470-0001
Underline Dove,146035-0005
Nuance Bisque,400000-0008
Nuance Sage,400000-0007
Valley Dune,146597-0006
Patra Mushroom,146425-0005
Shelter Linen,44530-0001
Spinner Diamond Pebble,145987-0003
Nuance Shibori,400000-0010
Entice Linen,40635-0000
Nuance Teak,400000-0011
Shelter Grove,44530-0004
Abundant Denim,370011-0007
Abundant Parchment,370011-0009
Abundant Seaglass,370011-0008
Abundant Snow,370011-0001
Abundant Wren,370011-0003
Dither Antique,46102-0006
Dither Bark,46102-0007
Dither Fern,46102-0009
Dither Slate,46102-0008
Dither Snow,46102-0005
Dither Toffee,46102-0004
Dumont Cream,305825-0016
Dumont Slate,305825-0017
Dumont Spa,305825-0018
Dumont Taupe,305825-0019
Equal Ink,56110-0001
Odette Alabaster,47148-0001
Odette Fern,47148-0008
Odette Sage,47148-0009
Odette Sand,47148-0003
Odette Slate,47148-0011
Odette Spa,47148-0010
Proof Camel,77002-0006
Proof Denim,77002-0005
Proof Fossil,77002-0009
Proof Putty,77002-0002
Proof Slate,77002-0008
Proof Snow,77002-0001
Rafi Mist,146280-0004
Rafi Oat,146280-0002
Rafi Pearl,146280-0001
Rafi Sand,146280-0007
Shelter Surf,44530-0003
Shelter White,44530-0002
Nuance Sand,400000-0003
