Manufacturer,Fabric Name,Item Number
Sunbrella,54" Triumph Stone,62027-0006
Sunbrella,54" Unwind Rainwashed,400003-0001
Sunbrella,54" Nuance Cloud,400000-0001
Sunbrella,54" Exhale Teak,400001-0006
Sunbrella,54" Balkan Slate,145352-0005
Sunbrella,54" Former Charcoal,44390-0003
Sunbrella,54" District Pebble,44386-0001
Sunbrella,54" Chartres Fog,45864-0083
Sunbrella,54" Chartres Sapphire,45864-0084
Sunbrella,54" Chartres Smoke,45864-0091
Sunbrella,54" Chartres Charcoal,45864-0092
Sunbrella,54" Skyler Sea,145664-0001
Sunbrella,54" Skyler Pebble,145664-0002
Sunbrella,54" Houndstooth Indigo,44240-0008
Sunbrella,54" Assemble II Teak,47247-0001
Sunbrella,54" Unwind Driftwood,400005-0001
Sunbrella,54" Leisure Denim,40625-0001
Sunbrella,54" Assemble Sand,47246-0001
Sunbrella,54" Cast Sand,49013-0000
Sunbrella,54" Saltillo Sedona,14152-0000
Sunbrella,54" Valley Desert,146597-0003
Sunbrella,54" Valley Dune,146597-0006
Sunbrella,54" Valley Sedona,146597-0010
Sunbrella,54" Nuance Eggshell,400000-0002
Sunbrella,54" Nuance Sand,400000-0003
Sunbrella,54" Exhale Cloud,400001-0001
Sunbrella,54" Exhale Sky,400001-0002
Sunbrella,54" Exhale Dewdrop,400001-0003
Sunbrella,54" Exhale Adobe,400001-0007
Sunbrella,54" Unwind Sky,400002-0001
Sunbrella,54" Unwind Cameo,400004-0001
Sunbrella,54" Nuance Sage,400000-0007
Sunbrella,54" Nuance Bisque,400000-0008
Sunbrella,54" Exhale Driftwood,400001-0005
Sunbrella,54" Nuance Spa,400000-0009
Sunbrella,54" Nuance Shibori,400000-0010
Sunbrella,54" Nuance Teak,400000-0011
Sunbrella,54" Saltillo Sagebrush,14153-0000
Sunbrella,54" Entice Linen,40635-0000
Sunbrella,54" Nuance Dove,400000-0004
Sunbrella,54" Entice Sunrise,40636-0000
Sunbrella,54" Exhale Rainwashed,400001-0004
Sunbrella,54" Entice Moss,40637-0000
Sunbrella,54" Refresh Spa,40638-0000
Sunbrella,54" Refresh Hedge,40639-0000
Sunbrella,54" Refresh Dune,40640-0000
Sunbrella,54" Refresh Canyon,40641-0000
Sunbrella,54" Shelter Linen,44530-0001
Sunbrella,54" Shelter White,44530-0002
Sunbrella,54" Shelter Surf,44530-0003
Sunbrella,54" Shelter Grove,44530-0004
Sunbrella,54" Shelter Canyon,44530-0005
Sunbrella,54" Cast Bisque,49014-0000
Sunbrella,54" Cast Seaglass,49015-0000
Sunbrella,54" Cast Hedge,49016-0000
Sunbrella,54" Cast Twilight,49017-0000
Sunbrella,54" Cast Desert,49018-0000
Sunbrella,54" Instinct Willow,145673-0002
Sunbrella,54" Instinct Toffee,145673-0003
Sunbrella,54" Upton Linen,145857-0001
Sunbrella,54" Kalahari Camel,145925-0005
Sunbrella,54" Kalahari Cloud,145925-0007
Sunbrella,54" Cairo Teak,305529-0002
Sunbrella,54" Decor Midnight,42097-0006
Sunbrella,54" Grasscloth Storm,44408-0010
Sunbrella,54" Former Lagoon,44390-0005
Sunbrella,54" Blur II Cloud,145355-0001
Sunbrella,54" Kuno Azure,145330-0002
Sunbrella,54" Empire Dawn,45837-0000
Sunbrella,54" Garza Indigo,145675-0002
Sunbrella,54" Idol Snow,40487-0001
Sunbrella,54" Idol Cloud,40487-0002
Sunbrella,54" Idol Slate,40487-0005
Sunbrella,54" Idol Rose,40487-0008
Sunbrella,54" Idol Shale,40487-0014
Sunbrella,54" Idol Lagoon,40487-0017
Sunbrella,54" Idol Frost,40487-0020
Sunbrella,54" Idol Leaf,40487-0023
Sunbrella,54" Idol Canary,40487-0025
Sunbrella,54" Idol Seagull,40487-0028
Sunbrella,54" Posh Sunshine,44157-0057
Sunbrella,54" Adena Canvas,44268-0023
Sunbrella,54" Adena Sand,44268-0024
Sunbrella,54" Adena Pebble,44268-0027
Sunbrella,54" Adena Celeste,44268-0030
Sunbrella,54" Garza Fog,145675-0001
Sunbrella,54" Proven Ivory,40568-0001
Sunbrella,54" Proven Flax,40568-0002
Sunbrella,54" Proven Dove,40568-0003
Sunbrella,54" Proven Dune,40568-0004
Sunbrella,54" Proven Seaglass,40568-0006
Sunbrella,54" Proven Denim,40568-0007
Sunbrella,54" Proven Indigo,40568-0008
Sunbrella,54" Proven Turquoise,40568-0009
Sunbrella,54" Proven Olive,40568-0010
Sunbrella,54" Proven Charcoal,40568-0012
Sunbrella,54" Proven Ash,40568-0013
Sunbrella,54" Esti Sea,44349-0006
