finish_type,finish_name,sku,grade,swatch_url
Ultraleather,Coast Raindrop,10U,F,https://img.telescopecasual.com/PAT/200/10U.jpg?v=2025-07-07-02.16.54.633667
Ultraleather,Coast Beacon,11U,F,https://img.telescopecasual.com/PAT/200/11U.jpg?v=2025-07-07-02.16.55.346236
Ultraleather,Coast Savanna,12U,F,https://img.telescopecasual.com/PAT/200/12U.jpg?v=2025-07-07-02.16.56.264280
Ultraleather,Brisa Mohave,13U,F,https://img.telescopecasual.com/PAT/200/13U.jpg?v=2025-07-07-02.16.56.624609
Ultraleather,Brisa Chamois,14U,F,https://img.telescopecasual.com/PAT/200/14U.jpg?v=2025-07-07-02.18.21.560242
Sling,Red,01D,A,https://img.telescopecasual.com/PAT/200/01D.jpg?v=2019-01-08-11.10.33.030096
Sling,Black,05D,A,https://img.telescopecasual.com/PAT/200/05D.jpg?v=2019-01-08-11.10.35.969703
Sling,White,06D,A,https://img.telescopecasual.com/PAT/200/06D.jpg?v=2019-01-08-11.10.36.856348
Sling,Bristol,11S,A,https://img.telescopecasual.com/PAT/200/11S.jpg?v=2019-01-08-11.10.38.188356
Sling,Navy,13D,A,https://img.telescopecasual.com/PAT/200/13D.jpg?v=2019-01-08-11.10.38.792967
Sling,Natural,20D,A,https://img.telescopecasual.com/PAT/200/20D.jpg?v=2019-01-08-11.10.40.253219
Sling,Forest Green,22D,A,https://img.telescopecasual.com/PAT/200/22D.jpg?v=2019-01-08-11.10.40.682920
Sling,Teal,24D,A,https://img.telescopecasual.com/PAT/200/24D.jpg?v=2019-01-08-11.12.25.763387
Sling,Pacific Blue,28D,A,https://img.telescopecasual.com/PAT/200/28D.jpg?v=2019-01-08-11.12.26.347132
Sling,Cobalt,35D,A,https://img.telescopecasual.com/PAT/200/35D.jpg?v=2019-01-08-11.10.41.951671
Sling,Lime,38D,A,https://img.telescopecasual.com/PAT/200/38D.jpg?v=2019-01-08-11.10.42.235132
Sling,Tangerine,41D,A,https://img.telescopecasual.com/PAT/200/41D.jpg?v=2019-01-08-11.10.43.648185
Sling,Sky,42D,A,https://img.telescopecasual.com/PAT/200/42D.jpg?v=2019-01-08-11.10.43.895120
Sling,Yellow,43D,A,https://img.telescopecasual.com/PAT/200/43D.jpg?v=2019-01-08-11.10.44.260757
Sling,Aqua,51D,A,https://img.telescopecasual.com/PAT/200/51D.jpg?v=2019-01-08-11.10.46.901921
Sling,Atlantis,70D,A,https://img.telescopecasual.com/PAT/200/70D.jpg?v=2019-01-08-11.10.52.131803
Sling,Bermuda,71D,A,https://img.telescopecasual.com/PAT/200/71D.jpg?v=2023-05-31-16.42.35.784844
Sling,Pinstripe,104,A,https://img.telescopecasual.com/PAT/200/104.jpg?v=2023-05-31-16.36.57.523549
Sling,Jute,107,B,https://img.telescopecasual.com/PAT/200/107.jpg?v=2023-05-31-16.36.57.863676
Sling,Blazer,108,B,https://img.telescopecasual.com/PAT/200/108.jpg?v=2023-05-31-16.36.58.142531
Sling,Bark,110,B,https://img.telescopecasual.com/PAT/200/110.jpg?v=2019-01-08-11.10.38.036867
Sling,Creel,113,B,https://img.telescopecasual.com/PAT/200/113.jpg?v=2023-05-31-16.36.58.407152
Sling,Birch,147,B,https://img.telescopecasual.com/PAT/200/147.jpg?v=2023-05-31-16.36.59.208895
Sling,Balboa,152,B,https://img.telescopecasual.com/PAT/200/152.jpg?v=2023-05-31-16.36.59.511217
Sling,Blueprint,177,A,https://img.telescopecasual.com/PAT/200/177.jpg?v=2025-07-07-02.18.22.524417
Sling,Winter,178,A,https://img.telescopecasual.com/PAT/200/178.jpg?v=2025-08-27-23.50.26.394114
Sling,Cactus,179,A,https://img.telescopecasual.com/PAT/200/179.jpg?v=2025-07-07-02.18.22.705695
Sling,Moments Navy,202,A,https://img.telescopecasual.com/PAT/200/202.jpg?v=2019-08-23-12.04.38.302919
Sling,Collect Indigo,209,A,https://img.telescopecasual.com/PAT/200/209.jpg?v=2019-08-23-12.04.38.603874
Sling,River,214,B,https://img.telescopecasual.com/PAT/200/214.jpg?v=2019-08-23-12.04.38.896978
Sling,Collect Charcoal,219,A,https://img.telescopecasual.com/PAT/200/219.jpg?v=2019-08-23-12.04.39.382816
Sling,Augustine Shadow,229,A,https://img.telescopecasual.com/PAT/200/229.jpg?v=2019-08-23-12.04.39.631171
Sling,Sand Dollar,231,B,https://img.telescopecasual.com/PAT/200/231.jpg?v=2019-08-23-12.05.46.125289
Sling,Amalfi,255,B,https://img.telescopecasual.com/PAT/200/255.jpg?v=2019-08-23-12.05.46.742052
Sling,Jewel,257,B,https://img.telescopecasual.com/PAT/200/257.jpg?v=2019-08-23-12.05.46.999255
Sling,Fossil,260,B,https://img.telescopecasual.com/PAT/200/260.jpg?v=2019-08-23-12.05.47.587533
Sling,Abalone,262,B,https://img.telescopecasual.com/PAT/200/262.jpg?v=2019-08-23-12.05.47.827087
Sling,Augustine Fennel,271,A,https://img.telescopecasual.com/PAT/200/271.jpg?v=2019-08-23-12.05.48.627197
Sling,Ferrera,306,A,https://img.telescopecasual.com/PAT/200/306.jpg?v=2025-07-07-02.20.16.457675
Sling,Fiesta,310,A,https://img.telescopecasual.com/PAT/200/310.jpg?v=2019-01-08-11.10.41.389954
Sling,Nickel,316,B,https://img.telescopecasual.com/PAT/200/316.jpg?v=2019-01-08-11.10.41.560937
Sling,Luxe,320,A,https://img.telescopecasual.com/PAT/200/320.jpg?v=2025-07-07-02.18.25.618275
Sling,Canyon,321,B,https://img.telescopecasual.com/PAT/200/321.jpg?v=2025-07-07-02.18.25.807407
Sling,Baja,365,B,https://img.telescopecasual.com/PAT/200/365.jpg?v=2019-01-08-11.11.45.598670
Sling,Reflection,366,B,https://img.telescopecasual.com/PAT/200/366.jpg?v=2019-01-08-11.11.45.825409
Sling,Trout,368,A,https://img.telescopecasual.com/PAT/200/368.jpg?v=2025-07-07-02.20.16.621201
Sling,Denver,369,B,https://img.telescopecasual.com/PAT/200/369.jpg?v=2025-07-07-02.18.26.714586
Sling,Marlin,396,A,https://img.telescopecasual.com/PAT/200/396.jpg?v=2025-07-07-02.20.16.801215
Sling,Brindle,397,A,https://img.telescopecasual.com/PAT/200/397.jpg?v=2025-07-07-02.18.26.926086
Sling,Niagara,398,A,https://img.telescopecasual.com/PAT/200/398.jpg?v=2025-07-07-02.20.16.984553
Sling,James,466,B,https://img.telescopecasual.com/PAT/200/466.jpg?v=2024-06-15-11.50.12.234618
Sling,Beacon,476,B,https://img.telescopecasual.com/PAT/200/476.jpg?v=2019-01-08-11.11.55.169646
Sling,Boulder,489,B,https://img.telescopecasual.com/PAT/200/489.jpg?v=2019-01-08-11.11.55.406840
Sling,Cane Navy,493,B,https://img.telescopecasual.com/PAT/200/493.jpg?v=2023-05-31-16.41.23.786497
Sling,Kipton,498,A,https://img.telescopecasual.com/PAT/200/498.jpg?v=2025-07-07-02.20.17.516028
Sling,Tan,531,A,https://img.telescopecasual.com/PAT/200/531.jpg?v=2019-01-08-11.10.46.975528
Sling,Night,538,A,https://img.telescopecasual.com/PAT/200/538.jpg?v=2019-01-08-11.10.47.390133
Sling,Deacon,558,B,https://img.telescopecasual.com/PAT/200/558.jpg?v=2021-06-30-13.32.19.057541
Sling,Harbor,559,A,https://img.telescopecasual.com/PAT/200/559.jpg?v=2021-06-30-13.32.19.469256
Sling,Burke,561,B,https://img.telescopecasual.com/PAT/200/561.jpg?v=2021-06-30-13.32.20.074854
Sling,Storm,564,B,https://img.telescopecasual.com/PAT/200/564.jpg?v=2021-06-30-13.34.58.532131
Sling,Cole,576,A,https://img.telescopecasual.com/PAT/200/576.jpg?v=2021-06-30-13.35.00.051487
Sling,Nimbus Ocean,577,A,https://img.telescopecasual.com/PAT/200/577.jpg?v=2021-06-30-13.35.00.388348
Sling,Charm,578,B,https://img.telescopecasual.com/PAT/200/578.jpg?v=2021-06-30-13.35.00.801462
Sling,Chantilly,579,B,https://img.telescopecasual.com/PAT/200/579.jpg?v=2021-06-30-13.35.01.080271
Sling,Mocha,630,A,https://img.telescopecasual.com/PAT/200/630.jpg?v=2019-01-08-11.10.49.694971
Sling,Breeze,749,A,https://img.telescopecasual.com/PAT/200/749.jpg?v=2019-01-08-11.10.55.686757
Sling,Tweed,753,A,https://img.telescopecasual.com/PAT/200/753.jpg?v=2019-01-08-11.10.55.935321
Sling,Skip,865,B,https://img.telescopecasual.com/PAT/200/865.jpg?v=2019-01-08-11.12.27.797571
Sling,Brooks,868,B,https://img.telescopecasual.com/PAT/200/868.jpg?v=2019-01-08-11.12.27.293545
Sling,Elevation Stone,870,A,https://img.telescopecasual.com/PAT/200/870.jpg?v=2019-01-08-11.12.26.817150
Sling,Augustine Pewter,872,A,https://img.telescopecasual.com/PAT/200/872.jpg?v=2019-01-08-11.12.26.966039
Sling,Augustine Oyster,874,A,https://img.telescopecasual.com/PAT/200/874.jpg?v=2019-01-08-11.12.28.555808
Sling,Ella,877,A,https://img.telescopecasual.com/PAT/200/877.jpg?v=2019-01-08-11.12.29.232998
Sling,Smoke,878,B,https://img.telescopecasual.com/PAT/200/878.jpg?v=2019-01-08-11.12.29.171398
Sling,Vineyard,889,A,https://img.telescopecasual.com/PAT/200/889.jpg?v=2019-01-08-11.12.34.624840
Sling,Mavi,950,A,https://img.telescopecasual.com/PAT/200/950.jpg?v=2019-01-08-11.12.09.283519
Sling,Alloy,957,A,https://img.telescopecasual.com/PAT/200/957.jpg?v=2019-01-08-11.12.10.569762
Sling,Putty,998,B,https://img.telescopecasual.com/PAT/200/998.jpg?v=2025-07-07-02.20.17.699120
Powdercoat,White Txt PC,,,https://img.telescopecasual.com/FN/200/38.jpg?v=2019-08-25-22.26.19.298097
Powdercoat,Snow PC,,,https://img.telescopecasual.com/FN/200/6.jpg?v=2019-01-08-11.12.45.458410
Powdercoat,Warm Grey PC,,,https://img.telescopecasual.com/FN/200/36.jpg?v=2019-01-08-11.12.36.914605
Powdercoat,Desert Sand PC,,,https://img.telescopecasual.com/FN/200/41.jpg?v=2025-07-07-00.52.01.851236
Powdercoat,Beachwood PC,,,https://img.telescopecasual.com/FN/200/34.jpg?v=2019-01-08-11.12.48.750768
Powdercoat,Kona PC,,,https://img.telescopecasual.com/FN/200/32.jpg?v=2019-01-08-11.12.44.783482
Powdercoat,Storm PC,,,https://img.telescopecasual.com/FN/200/39.jpg?v=2021-07-13-13.40.31.190619
Powdercoat,Graphite Txt PC,,,https://img.telescopecasual.com/FN/200/31.jpg?v=2019-01-08-11.12.44.686080
Powdercoat,Black PC,,,https://img.telescopecasual.com/FN/200/8.jpg?v=2019-01-08-11.12.45.914782
MGP,Snow MGP,,,https://img.telescopecasual.com/FN/200/PW.jpg?v=2019-01-08-11.12.47.647757
MGP,Warm Grey MGP,,,https://img.telescopecasual.com/FN/200/PY.jpg?v=2019-01-08-11.12.37.139689
MGP,Desert Sand MGP,,,https://img.telescopecasual.com/FN/200/DS.jpg?v=2025-07-07-00.52.01.673061
MGP,Beachwood MGP,,,https://img.telescopecasual.com/FN/200/PJ.jpg?v=2019-01-08-11.12.48.470041
MGP,Kona MGP,,,https://img.telescopecasual.com/FN/200/PK.jpg?v=2019-01-08-11.12.47.225150
MGP,Storm MGP,,,https://img.telescopecasual.com/FN/200/PF.jpg?v=2021-07-13-13.40.30.958753
MGP,Classic Graphite MGP,,,https://img.telescopecasual.com/FN/200/PR.jpg?v=2019-01-08-11.12.48.545203
MGP,Black MGP,,,https://img.telescopecasual.com/FN/200/PB.jpg?v=2019-01-08-11.12.46.982368
MGP Accent,Hunter,PH0,,
MGP Accent,Cranberry,PC0,,
MGP Accent,Aqua,PQ0,,
MGP Accent,Navy,PN0,,
Rustic Polymer,Cape Grey Accents,,,https://img.telescopecasual.com/AC/200/RG.jpg?v=2025-09-10-10.04.27.388712
Rustic Polymer,Boardwalk Accents,,,https://img.telescopecasual.com/AC/200/RX.jpg?v=2025-09-10-10.04.27.954850
Rustic Polymer,Chestnut Accents,,,https://img.telescopecasual.com/AC/200/RU.jpg?v=2025-09-10-10.04.27.753124
Rustic Polymer,Teak Accents,,,https://img.telescopecasual.com/AC/200/RT.jpg?v=2022-05-16-16.20.59.770000
Rustic Polymer,Laguna Accents,,,https://img.telescopecasual.com/AC/200/RL.jpg?v=2025-09-10-10.04.27.537257
Rustic Polymer,Weathered Wood Accent,,,https://img.telescopecasual.com/AC/200/RW.jpg?v=2025-07-07-00.43.14.954241
Strap,White Strap,066,,https://img.telescopecasual.com/PAT/200/066.jpg?v=2019-01-08-11.10.36.267025
Strap,Snow Smooth Strap,057,,https://img.telescopecasual.com/PAT/200/057.jpg?v=2019-01-08-11.10.35.537055
Strap,Warm Grey Smooth Strap,0YY,,https://img.telescopecasual.com/PAT/200/0YY.jpg?v=2025-09-10-09.53.44.308461
Strap,Pebble Strap,001,,https://img.telescopecasual.com/PAT/200/001.jpg?v=2019-01-08-11.10.31.782091
Strap,Storm Smooth Strap,0FF,,https://img.telescopecasual.com/PAT/200/0FF.jpg?v=2021-07-14-20.28.20.916094
Strap,Beachwood Smooth Strap,0JJ,,https://img.telescopecasual.com/PAT/200/0JJ.jpg?v=2019-01-08-11.12.04.334370
Strap,Kona Smooth Strap,0KK,,https://img.telescopecasual.com/PAT/200/0KK.jpg?v=2019-01-08-11.10.37.811234
Strap,Graphite Smooth Strap,0RR,,https://img.telescopecasual.com/PAT/200/0RR.jpg?v=2025-09-10-10.09.23.142184
Strap,Black Smooth Strap,777,,https://img.telescopecasual.com/PAT/200/777.jpg?v=2019-01-08-11.10.56.668305
Strap,New Navy Smooth Strap,0NN,,https://img.telescopecasual.com/PAT/200/0NN.jpg?v=2025-09-10-09.53.44.153181
Strap,Cobalt Strap,035,,https://img.telescopecasual.com/PAT/200/035.jpg?v=2025-09-10-09.53.44.453874
Strap,Turquoise Strap,028,,https://img.telescopecasual.com/PAT/200/028.jpg?v=2019-01-08-11.12.35.843592
Strap,Forest Green Strap,042,,https://img.telescopecasual.com/PAT/200/042.jpg?v=2019-01-08-11.10.35.232041
