Manufacturer,Base Item Number,Item Name,Variant Item Number,Finish / Color
Treasure Garden,UM851,11' TWIST,UM851-02,Anthracite
Treasure Garden,UM851,11' TWIST,UM851-03,White
Treasure Garden,UM850,9' TWIST,UM850-02,Anthracite
Treasure Garden,UM850,9' TWIST,UM850-03,White
Treasure Garden,UM800LX,9' Starlux Collar Tilt,UM800LX-00,Bronze
Treasure Garden,UM800LX,9' Starlux Collar Tilt,UM800LX-09,Black
Treasure Garden,UM801,11' Collar Tilt,UM801-00,Bronze
Treasure Garden,UM801,11' Collar Tilt,UM801-09,Black
Treasure Garden,UM800,9' Collar Tilt,UM800-00,Bronze
Treasure Garden,UM800,9' Collar Tilt,UM800-02,Anthracite
Treasure Garden,UM800,9' Collar Tilt,UM800-09,Black
Treasure Garden,UM841,11' FLEX,UM841-SS,Silver Shadow / Anodized
Treasure Garden,UM841,11' FLEX,UM841-00,Bronze
Treasure Garden,UM841,11' FLEX,UM841-09,Black
Treasure Garden,UM840,9' FLEX,UM840-SS,Silver Shadow / Anodized
Treasure Garden,UM840,9' FLEX,UM840-00,Bronze
Treasure Garden,UM840,9' FLEX,UM840-09,Black
Treasure Garden,UM847SQ,7.5' FLEX,UM847SQ-SS,Silver Shadow / Anodized
Treasure Garden,UM847SQ,7.5' FLEX,UM847SQ-00,Bronze
Treasure Garden,UM847SQ,7.5' FLEX,UM847SQ-09,Black
Treasure Garden,UM812,11' Auto Tilt,UM812-00,Bronze
Treasure Garden,UM812,11' Auto Tilt,UM812-02,Anthracite
Treasure Garden,UM812,11' Auto Tilt,UM812-03,White
Treasure Garden,UM812,11' Auto Tilt,UM812-09,Black
Treasure Garden,UM810,9' Auto Tilt,UM810-SS,Silver Shadow / Anodized
Treasure Garden,UM810,9' Auto Tilt,UM810-WO,Weathered Oak
Treasure Garden,UM810,9' Auto Tilt,UM810-00,Bronze
Treasure Garden,UM810,9' Auto Tilt,UM810-02,Anthracite
Treasure Garden,UM810,9' Auto Tilt,UM810-03,White
Treasure Garden,UM810,9' Auto Tilt,UM810-09,Black
Treasure Garden,UM8810RT,8'x10' Auto Tilt,UM8810RT-00,Bronze
Treasure Garden,UM8810RT,8'x10' Auto Tilt,UM8810RT-02,Anthracite
Treasure Garden,UM8810RT,8'x10' Auto Tilt,UM8810RT-03,White
Treasure Garden,UM8810RT,8'x10' Auto Tilt,UM8810RT-09,Black
Treasure Garden,UM970,9' Glide Tilt,UM970-00,Bronze
Treasure Garden,UM970,9' Glide Tilt,UM970-09,Black
Treasure Garden,UM977,7.5' Glide Tilt,UM977-00,Bronze
Treasure Garden,UM977,7.5' Glide Tilt,UM977-09,Black
Treasure Garden,UM920,9' Push Button Tilt,UM920-00,Bronze
Treasure Garden,UM920,9' Push Button Tilt,UM920-02,Anthracite
Treasure Garden,UM920,9' Push Button Tilt,UM920-03,White
Treasure Garden,UM920,9' Push Button Tilt,UM920-09,Black
