sku,collection,style,name,description
171311,Corsica,CUSHION,LOUNGE CHAIR,"The Corsica Cushion Lounge Chair utilizes RELAXplus® technology to provide the comfort of indoor furniture and durability to meet the demands of the outdoors. The high-back design delivers sink-in comfort while providing head support. With lightweight aluminum frames powder-coated in any Tropitone® Standard or Premium Finish and comfortable cushions wrapped in your choice of fabric, Corsica Cushion Lounge Chair provides a relaxing, durable seating solution."
171325NT,Corsica,CUSHION,SWIVEL ACTION LOUNGER,"The Corsica Cushion Swivel Action Lounger utilizes RELAXplus® technology to provide the comfort of indoor furniture and durability to meet the demands of the outdoors. The high-back design delivers sink-in comfort while providing head support. With lightweight aluminum frames powder-coated in any Tropitone® Standard or Premium Finish and comfortable cushions wrapped in your choice of fabric, Corsica Cushion Swivel Action Lounger provides a relaxing, durable seating solution."
171317,Corsica,CUSHION,OTTOMAN,"The Corsica Cushion Ottoman utilizes RELAXplus® technology to provide the comfort of indoor furniture and durability to meet the demands of the outdoors. With lightweight aluminum frames powder-coated in any of Tropitone® Standard or Premium Finish and comfortable cushions wrapped in your choice of fabric, Corsica Cushion Ottoman provides a relaxing, durable seating solution."
171314,Corsica,CUSHION,LOVE SEAT,"The Corsica Cushion Love Seat utilizes RELAXplus® technology to provide the comfort of indoor furniture and durability to meet the demands of the outdoors. The high-back design delivers sink-in comfort while providing head support. With lightweight aluminum frames powder-coated in any of Tropitone® Standard or Premium Finish and comfortable cushions wrapped in your choice of fabric, Corsica Cushion Love Seat provides a relaxing, durable seating solution."
171321,Corsica,CUSHION,SOFA,"The Corsica Cushion Sofa utilizes RELAXplus® technology to provide the comfort of indoor furniture and durability to meet the demands of the outdoors. The high-back design delivers sink-in comfort while providing head support. With lightweight aluminum frames powder-coated in any of Tropitone® Standard or Premium Finish and comfortable cushions wrapped in your choice of fabric, Corsica Cushion Sofa provides a relaxing, durable seating solution."
171310CL,Corsica,CUSHION,CRESCENT LOVE SEAT,"The Corsica Cushion Crescent Love Seat utilizes RELAXplus® technology to provide the comfort of indoor furniture and durability to meet the demands of the outdoors. The high-back design delivers sink-in comfort while providing head support. With lightweight aluminum frames powder-coated in any of Tropitone® Standard or Premium Finish and comfortable cushions wrapped in your choice of fabric, Corsica Cushion Crescent Love Seat provides a relaxing, durable seating solution."
171310CS,Corsica,CUSHION,CRESCENT SOFA,"The Corsica Cushion Crescent Sofa utilizes RELAXplus® technology to provide the comfort of indoor furniture and durability to meet the demands of the outdoors. The high-back design delivers sink-in comfort while providing head support. With lightweight aluminum frames powder-coated in any of Tropitone® Standard or Premium Finish and comfortable cushions wrapped in your choice of fabric, Corsica Cushion Crescent Sofa provides a relaxing, durable seating solution."
660908C50,Corsica,CUSHION,CRESCENT OTTOMAN BENCH,"Perhaps the most versatile piece in the Tropitone® Corsica Cushion Collection, the Corsica Cushion Crescent Ottoman Bench can be used as a footrest, extra seating, and setting for trays of appetizers. The Corsica Cushion Crescent Ottoman Bench utilizes RELAXplus® cushion technology for optimal comfort. Pair this outdoor ottoman with Corsica Crescent Outdoor Furniture to create a complete gathering place for friends and family."
161537WS,Corsica,WOVEN,DINING CHAIR,"The Corsica Woven Dining Chair is crafted from durable powder-coated aluminum and features flowing curves and end-of-arm rolled detailing. The high-back design and woven bucket delivers sink-in comfort while providing head support. Featuring the beautiful Bison Weave, the Corsica Woven Dining Chair creates a simple and refined culinary setting."
161501WS,Corsica,WOVEN,HIGH BACK DINING CHAIR,"The Corsica Woven High Back Dining Chair is crafted from durable powder-coated aluminum and features flowing curves and end-of-arm rolled detailing. The high-back design and woven bucket delivers sink-in comfort while providing head support. The woven bucket is created with back and seat pieces that meet in a mitered joint and draws one into the chair. Featuring the beautiful Bison Weave, the Corsica Woven High Back Dining Chair creates a simple and refined culinary setting."
161569WS,Corsica,WOVEN,SWIVEL ROCKER,"The Corsica Woven Swivel Rocker is crafted from durable powder-coated aluminum and features flowing curves and end-of-arm rolled detailing. The high-back design provides head support, while the mitered joint of the seat and back delivers sink-in comfort. Sit back and relax in the Corsica Woven Swivel Rocker."
161570WS,Corsica,WOVEN,HIGH BACK SWIVEL ROCKER,"The Corsica Woven High Back Swivel Rocker is crafted from durable powder-coated aluminum and features flowing curves and end-of-arm rolled detailing. The high-back design provides head support, while the mitered joint of the seat and back delivers sink-in comfort. Sit back and relax in the Corsica Woven High Back Swivel Rocker."
161525NTWS,Corsica,WOVEN,SWIVEL ACTION LOUNGER,The Corsica Woven Swivel Action Lounger is crafted from durable powder-coated aluminum and features flowing curves and end-of-arm rolled detailing. The woven bucket is made with Tropitone's Bison Weave and is created with back and seat pieces that meet in a mitered joint and draws one into the chair. Sit back and relax in the Corsica Woven Swivel Action Lounger.
161517WS,Corsica,WOVEN,OTTOMAN,"The Corsica Woven Ottoman is crafted from durable powder-coated aluminum and features flowing curves. With the beautiful Bison Weave, the Corsica Woven Ottoman offers a simple and refined foot rest."
161527WS-28,Corsica,WOVEN,SWIVEL BAR STOOL,The Corsica Woven Bar Stool is crafted from durable powder-coated aluminum and features flowing curves and end-of-arm rolled detailing. The Bison Weave creates the woven bucket that delivers comfort and support. The Corsica Woven Bar Stool creates a simple and refined bar setting.
161137,Corsica,SLING,DINING CHAIR,"The Corsica Sling Dining Chair is crafted from durable powder-coated aluminum and features flowing curves and end-of-arm rolled detailing. The high-back design delivers sink-in comfort while providing head support. With fabric slung taut across the seat and back frame, the Corsica Sling Dining Chair creates a simple and refined culinary setting."
161101,Corsica,SLING,HIGH BACK DINING CHAIR,"The Corsica Sling High Back Dining Chair is crafted from durable powder-coated aluminum and features flowing curves and end-of-arm rolled detailing. The high-back design delivers sink-in comfort while providing head support. With fabric slung taut across the seat and back, the Corsica Sling High Back Dining Chair creates a simple and refined culinary setting."
161169,Corsica,SLING,SWIVEL ROCKER,"The Corsica Sling Swivel Rocker is crafted from durable powder-coated aluminum and features flowing curves and end-of-arm rolled detailing. The high-back design delivers sink-in comfort while providing head support, while the taut fabric provide seat and back support. Sit back and relax in the Corsica Sling Swivel Rocker."
161170,Corsica,SLING,HIGH BACK SWIVEL ROCKER,"The Corsica Sling High Back Swivel Rocker is crafted from durable powder-coated aluminum and features flowing curves and end-of-arm rolled detailing. The high-back design delivers sink-in comfort while providing head support, while the taut fabric provide seat and back support. Sit back and relax in the Corsica Sling High Back Swivel Rocker."
161125NT,Corsica,SLING,SWIVEL ACTION LOUNGER,"The Corsica Sling Swivel Action Lounger is crafted from durable powder-coated aluminum and features flowing curves and end-of-arm rolled detailing. The high-back design delivers sink-in comfort while providing head support, while the taut fabric provide seat and back support. Sit back and relax in the Corsica Sling Swivel Action Lounger."
161117,Corsica,SLING,OTTOMAN,"The Corsica Sling Ottoman is crafted from durable powder-coated aluminum and features flowing curves. With fabric slung taut, the Corsica Sling Ottoman offers a simple and refined foot rest."
161116,Corsica,SLING,DOUBLE GLIDER,"The Corsica Sling Glider offers elegant patio furniture crafted from durable powder-coated aluminum featuring flowing curves and end-of-arm rolled detailing. The high-back design delivers sink-in comfort while providing head support, while the taut fabric provide seat and back support. Sit back and relax in the Corsica Sling Glider."
161127-28,Corsica,SLING,SWIVEL BAR STOOL,"The Corsica Sling Bar Stool is crafted from durable powder-coated aluminum and features flowing curves and end-of-arm rolled detailing. The high-back design delivers sink-in comfort while providing head support. With fabric slung taut across the seat and back frame, the Corsica Sling Bar Stool creates a simple and refined bar setting."
161132,Corsica,PADDED SLING,CHAISE LOUNGE,"The Corsica Sling Chaise Lounge offers elegant patio furniture crafted from durable powder-coated aluminum featuring flowing curves and end-of-arm rolled detailing. The high-back design delivers sink-in comfort while providing head support. With fabric slung taut across the seat and back frame, the Corsica Sling Chaise Lounge creates a simple and refined poolside setting."
161137PS,Corsica,PADDED SLING,DINING CHAIR,"The Corsica Padded Sling Dining Chair is crafted from durable powder-coated aluminum and features flowing curves and end-of-arm rolled detailing. With two-layers of cushioned fabric slung across the seat and back, the Corsica Padded Sling Dining Chair creates a simple and refined culinary setting."
161101PS,Corsica,PADDED SLING,HIGH BACK DINING CHAIR,"The Corsica Padded Sling High Back Dining Chair is crafted from durable powder-coated aluminum and features flowing curves and end-of-arm rolled detailing. The high-back design delivers sink-in comfort while providing head support. With two-layers of cushioned fabric slung across the seat and back, the Corsica Padded Sling High Back Dining Chair creates a simple and refined culinary setting."
161169PS,Corsica,PADDED SLING,SWIVEL ROCKER,The Corsica Padded Sling Swivel Rocker is crafted from durable powder-coated aluminum and features flowing curves and end-of-arm rolled detailing. Two-layers of cushioned fabric slung across the seat and back delivers comfort and support. Sit back and relax in the Corsica Padded Sling Swivel Rocker.
161170PS,Corsica,PADDED SLING,HIGH BACK SWIVEL ROCKER,"The Corsica Padded Sling High Back Swivel Rocker is crafted from durable powder-coated aluminum and features flowing curves and end-of-arm rolled detailing. The high-back design provides head support, while the two layers of taut fabric deliver sink-in comfort and seat and back support. Sit back and relax in the Corsica Padded Sling High Back Swivel Rocker."
161125NTPS,Corsica,PADDED SLING,SWIVEL ACTION LOUNGER,The Corsica Padded Sling Swivel Action Lounger is crafted from durable powder-coated aluminum and features flowing curves and end-of-arm rolled detailing. Two-layers of cushioned fabric slung across the seat and back delivers comfort and support. Sit back and relax in the Corsica Padded Sling Swivel Action Lounger.
161117PS,Corsica,PADDED SLING,OTTOMAN,"The Corsica Padded Sling Ottoman is crafted from durable powder-coated aluminum and features flowing curves. With two layers of cushioned fabric slung taut, the Corsica Padded Sling Ottoman offers a simple and refined foot rest."
161116PS,Corsica,PADDED SLING,DOUBLE GLIDER,The Corsica Padded Sling Glider offers elegant patio furniture crafted from durable powder-coated aluminum featuring flowing curves and end-of-arm rolled detailing. Two-layers of cushioned fabric slung across the seat and back delivers comfort and support. Sit back and relax in the Corsica Padded Sling Glider.
161127PS-28,Corsica,PADDED SLING,BAR STOOL,The Corsica Padded Sling Bar Stool is crafted from durable powder-coated aluminum and features flowing curves and end-of-arm rolled detailing. Two-layers of cushioned fabric slung across the seat and back frame delivers comfort and support. The Corsica Padded Sling Bar Stool creates a simple and refined bar setting.
161132PS,Corsica,PADDED SLING,CHAISE LOUNGE,The Corsica Padded Sling Chaise Lounge offers elegant patio furniture crafted from durable powder-coated aluminum featuring flowing curves and end-of-arm rolled detailing. Two-layers of cushioned fabric slung across the seat and back delivers comfort and support. The Corsica Padded Sling Chaise Lounge creates a simple and refined poolside setting.
391411,Kenzo,CUSHION,LOUNGE CHAIR,"Designed by Peter Homestead, the Kenzo Cushion Lounge Chair exhibits simple, graceful lines and a wide frame. The Kenzo Cushion Lounge Chair features the exclusive RELAXplus® technology for optimal comfort, longevity, and mildew resistance. The high-back design of the outdoor patio chair delivers sink-in comfort for relaxation all day long."
391425NT,Kenzo,CUSHION,SWIVEL ACTION LOUNGER,"Designed by Peter Homestead, the Kenzo Cushion Swivel Action Lounger exhibits simple, graceful lines and a wide frame. The Kenzo Cushion Swivel Action Lounger features the exclusive RELAXplus® technology for optimal comfort, longevity, and mildew resistance. The high-back design of the outdoor patio chair delivers sink-in comfort for relaxation all day long."
391417,Kenzo,CUSHION,OTTOMAN,"Designed by Peter Homestead, the Kenzo Cushion Ottoman exhibits simple, graceful lines and a wide frame. The Kenzo Cushion Ottoman features the exclusive RELAXplus® technology for optimal comfort, longevity, and mildew resistance. The outdoor ottoman delivers sink-in comfort for your feet all day long."
391414,Kenzo,CUSHION,LOVE SEAT,"Designed by Peter Homestead, the Kenzo Cushion Love Seat exhibits simple, graceful lines and a wide frame. The Kenzo Cushion Love Seat features the exclusive RELAXplus® technology for optimal comfort, longevity, and mildew resistance. The high-back design of the outdoor love seat delivers sink-in comfort for relaxation all day long."
391421,Kenzo,CUSHION,SOFA,"Designed by Peter Homestead, the Kenzo Cushion Sofa exhibits simple, graceful lines and a wide frame. The Kenzo Cushion Sofa features the exclusive RELAXplus® technology for optimal comfort, longevity, and mildew resistance. The high-back design of the outdoor sofa delivers sink-in comfort for relaxation all day long."
391432,Kenzo,CUSHION,CHAISE LOUNGE,"Designed by Peter Homestead, the Kenzo Cushion Chaise Lounge exhibits simple, graceful lines and a wide frame. The Kenzo Cushion Chaise Lounge features the exclusive RELAXplus® technology for optimal comfort, longevity, and mildew resistance. The high-back design of the outdoor chaise lounge delivers sink-in comfort for relaxation all day long."
391810CC2,Kenzo,CUSHION,CRESCENT ARMLESS,"Kenzo Armless Crescent Love Seat has a unique, transitional design, while signifying superior outdoor comfort. Kenzo features clean, graceful lines, a wide frame, and comfortable fabrics from Tropitone's large selection. Add this complimentary look to your luxury outdoor hospitality space."
391410CL,Kenzo,CUSHION,CRESCENT LOVE SEAT,"Designed by Peter Homestead, the Kenzo Cushion Crescent Love Seat exhibits simple, graceful lines and a wide frame. The Kenzo Cushion Crescent Love Seat features the exclusive RELAXplus® technology for optimal comfort, longevity, and mildew resistance. The high-back design of the outdoor love seat delivers sink-in comfort for relaxation all day long. Create intimate chat settings by pairing this crescent love seat around Tropitone® Tables or Fire Pits."
391410CS,Kenzo,CUSHION,CRESCENT SOFA,"Designed by Peter Homestead, the Kenzo Cushion Crescent Sofa exhibits simple, graceful lines and a wide frame. The Kenzo Cushion Crescent Sofa features the exclusive RELAXplus® technology for optimal comfort, longevity, and mildew resistance. The high-back design of the outdoor love seat delivers sink-in comfort for relaxation all day long. Create intimate chat settings by pairing this crescent sofa around Tropitone® Tables or Fire Pits."
391610MR2,Kenzo,MODULAR,RIGHT ARM,"Designed by Peter Homestead, the Kenzo Right Arm 2-Seat Module exhibits simple, graceful lines and wide frame. The Kenzo Modular Collection features the exclusive RELAXplus® technology for optimal comfort, longevity, and mildew resistance. Pair the Kenzo Right Arm 2-Seat Module with other Kenzo Modular outdoor furniture pieces to create a unique seating arrangement. The high-back design delivers sink-in comfort for relaxation all day long."
391610MC,Kenzo,MODULAR,ARMLESS MODULE,"Designed by Peter Homestead, the Kenzo Armless Module exhibits simple, graceful lines and wide frame. The Kenzo Modular Collection features the exclusive RELAXplus® technology for optimal comfort, longevity, and mildew resistance. Pair the Kenzo Armless Module with other Kenzo Modular outdoor furniture pieces to create a unique seating arrangement. The high-back design delivers sink-in comfort for relaxation all day long."
391610SC,Kenzo,MODULAR,SQUARE CORNER MODULE,"Designed by Peter Homestead, the Kenzo Square Corner Module exhibits simple, graceful lines and wide frame. The Kenzo Modular Collection features the exclusive RELAXplus® technology for optimal comfort, longevity, and mildew resistance. Pair the Kenzo Square Corner Module with other Kenzo Modular outdoor furniture pieces to create a unique seating arrangement. The high-back design delivers sink-in comfort for relaxation all day long."
391610ML2,Kenzo,MODULAR,LEFT ARM 2-SEAT MODULE,"Designed by Peter Homestead, the Kenzo Left Arm 2-Seat Module exhibits simple, graceful lines and wide frame. The Kenzo Modular Collection features the exclusive RELAXplus® technology for optimal comfort, longevity, and mildew resistance. Pair the Kenzo Left Arm 2-Seat Module with other Kenzo Modular outdoor furniture pieces to create a unique seating arrangement. The high-back design delivers sink-in comfort for relaxation all day long."
391611WS,Kenzo,WOVEN,LOUNGE CHAIR,"Designed by Peter Homestead, the Kenzo Cushion Lounge Chair exhibits simple, graceful lines and a wide frame. The Kenzo Cushion Lounge Chair features the exclusive RELAXplus® technology for optimal comfort, longevity, and mildew resistance. The woven panels feature the TropiKane® Bison Weave set into the aluminum frame. The high-back design of the outdoor patio chair delivers sink-in comfort for relaxation all day long."
391614WS,Kenzo,WOVEN,LOVE SEAT,"Designed by Peter Homestead, the Kenzo Love Seat exhibits simple, graceful lines and a wide frame with woven panels. The Kenzo Love Seat features the exclusive RELAXplus® technology for optimal comfort, longevity, and mildew resistance. The woven panels feature the TropiKane® Bison Weave set into the aluminum frame.The high-back design of the outdoor love seat delivers sink-in comfort for relaxation all day long."
391621WS,Kenzo,WOVEN,SOFA,"Designed by Peter Homestead, the Kenzo Cushion Sofa exhibits simple, graceful lines and a wide frame. The Kenzo Cushion Sofa features the exclusive RELAXplus® technology for optimal comfort, longevity, and mildew resistance. The woven panels feature the TropiKane® Bison Weave set into the aluminum frame. The high-back design of the outdoor sofa delivers sink-in comfort for relaxation all day long."
391625NTWS,Kenzo,WOVEN,SWIVEL ACTION LOUNGER,"Designed by Peter Homestead, the Kenzo Cushion Swivel Action Lounger exhibits simple, graceful lines and a wide frame. The Kenzo Cushion Swivel Action Lounger features the exclusive RELAXplus® technology for optimal comfort, longevity, and mildew resistance. The woven panels feature the TropiKane® Bison Weave set into the aluminum frame. The high-back design of the outdoor patio chair delivers sink-in comfort for relaxation all day long."
381537,Kenzo,SLING,DINING CHAIR,"Designed by Peter Homestead, the Kenzo Sling Dining Chair exhibits simple, graceful lines and a wide frame. This outdoor dining chair features a single layer of durable, designer fabric with a taut appearance. The Kenzo Sling Dining Chair delivers optimal comfort for relaxation long after the meal has ended."
381501,Kenzo,SLING,HIGH BACK DINING CHAIR,"Designed by Peter Homestead, the Kenzo Sling High Back Dining Chair exhibits simple, graceful lines and a wide frame. This outdoor dining chair features a single layer of durable, designer fabric with a taut appearance and a high back for optimal head support. The Kenzo Sling High Back Dining Chair delivers optimal comfort for relaxation long after the meal has ended."
381569,Kenzo,SLING,SWIVEL ROCKER,"Designed by Peter Homestead, the Kenzo Sling Swivel Rocker exhibits simple, graceful lines and a wide frame. This outdoor swivel chair features a single layer of durable, designer fabric with a taut appearance. The Kenzo Sling Swivel Rocker delivers optimal comfort for relaxation all day long."
381570,Kenzo,SLING,HIGH BACK SWIVEL ROCKER,"Designed by Peter Homestead, the Kenzo Sling High Back Swivel Rocker exhibits simple, graceful lines and a wide frame. This outdoor dining chair features a single layer of durable, designer fabric with a taut appearance and a high back for optimal head support. The Kenzo Sling High Back Swivel Rocker delivers optimal comfort for relaxation all day long."
381525NT,Kenzo,SLING,SWIVEL ACTION LOUNGER,"Designed by Peter Homestead, the Kenzo Sling Swivel Action Lounger exhibits simple, graceful lines and a wide frame. This outdoor swivel lounge chair features a single layer of durable, designer fabric with a taut appearance. The Kenzo Sling Swivel Action Lounger delivers optimal comfort for relaxation all day long."
381517,Kenzo,SLING,OTTOMAN,"Designed by Peter Homestead, the Kenzo Sling Ottoman exhibits simple, graceful lines and a wide frame. This outdoor ottoman features a single layer of durable, designer fabric with a taut appearance. The Kenzo Sling Ottoman delivers optimal comfort for your feet all day long."
381527-28,Kenzo,SLING,SWIVEL BAR STOOL,"Designed by Peter Homestead, the Kenzo Sling Swivel Bar Stool exhibits simple, graceful lines and a wide frame. This outdoor bar chair features a single layer of durable, designer fabric with a taut appearance. The Kenzo Sling Swivel Bar Stool delivers optimal comfort for any social environment."
381532,Kenzo,SLING,CHAISE LOUNGE,"Designed by Peter Homestead, the Kenzo Sling Chaise Lounge exhibits simple, graceful lines and a wide frame. This piece of outdoor furniture features a single layer of durable, designer fabric with a taut appearance. The Kenzo Sling Chaise Lounge delivers optimal comfort for relaxation all day long."
381537PS,Kenzo,PADDED SLING,DINING CHAIR,"Designed by Peter Homestead, the Kenzo Padded Sling Dining Chair exhibits simple, graceful lines and a wide frame. This outdoor dining chair features two pieces of designer fabric slung across the seat and back to provide comfort with modern styling. The Kenzo Padded Sling Dining Chair delivers comfort for relaxation long after the meal has ended."
381501PS,Kenzo,PADDED SLING,HIGH BACK DINING CHAIR,"Designed by Peter Homestead, the Kenzo Padded Sling High Back Dining Chair exhibits simple, graceful lines and a wide frame. This outdoor dining chair features two pieces of designer fabric slung across the seat and back to provide comfort with modern styling. This outdoor dining chair has a high back for optimal head support. The Kenzo Padded Sling High Back Dining Chair delivers comfort for relaxation long after the meal has ended."
381569PS,Kenzo,PADDED SLING,SWIVEL ROCKER,"Designed by Peter Homestead, the Kenzo Padded Sling Swivel Rocker exhibits simple, graceful lines and a wide frame. This outdoor dining chair features two pieces of designer fabric slung across the seat and back to provide comfort with modern styling. The Kenzo Padded Sling Swivel Rocker delivers comfort for relaxation all day long."
381570PS,Kenzo,PADDED SLING,HIGH BACK SWIVEL ROCKER,"Designed by Peter Homestead, the Kenzo Padded Sling High Back Swivel Rocker exhibits simple, graceful lines and a wide frame. This outdoor dining chair features two pieces of designer fabric slung across the seat and back to provide comfort with modern styling. This outdoor swivel rocker has a high back for optimal head support. The Kenzo Padded Sling High Back Swivel Rocker delivers comfort for relaxation all day long."
381525NTPS,Kenzo,PADDED SLING,SWIVEL ACTION LOUNGER,"Designed by Peter Homestead, the Kenzo Padded Sling Swivel Action Lounger exhibits simple, graceful lines and a wide frame. This outdoor dining chair features two pieces of designer fabric slung across the seat and back to provide comfort with modern styling. The Kenzo Padded Sling Swivel Action Lounger delivers optimal comfort for relaxation all day long."
381517PS,Kenzo,PADDED SLING,OTTOMAN,"Designed by Peter Homestead, the Kenzo Padded Sling Ottoman exhibits simple, graceful lines and a wide frame. This outdoor dining chair features two pieces of designer fabric slung across the seat and back to provide comfort with modern styling. The Kenzo Padded Sling Ottoman delivers optimal comfort for relaxation all day long."
381527PS-28,Kenzo,PADDED SLING,SWIVEL BAR STOOL,"Designed by Peter Homestead, the Kenzo Padded Sling Swivel Bar Stool exhibits simple, graceful lines and a wide frame. This outdoor dining chair features two pieces of designer fabric slung across the seat and back to provide comfort with modern styling. The Kenzo Padded Sling Swivel Bar Stool delivers optimal comfort for any social environment."
381532PS,Kenzo,PADDED SLING,CHAISE LOUNGE,"Designed by Peter Homestead, the Kenzo Padded Sling Chaise Lounge exhibits simple, graceful lines and a wide frame. This outdoor dining chair features two pieces of designer fabric slung across the seat and back to provide comfort with modern styling. The Kenzo Padded Sling Chaise Lounge delivers optimal comfort for relaxation all day long."
381537WS,Kenzo,PADDED SLING,DINING CHAIR,"Designed by Peter Homestead, the Kenzo Woven Dining Chair exhibits simple, graceful lines and a wide frame. This outdoor dining chair features Tropitone’s desirable TropiKane® Bison Weave. The Kenzo Woven Dining Chair delivers optimal comfort for relaxation long after the meal has ended."
381501WS,Kenzo,PADDED SLING,HIGH BACK DINING CHAIR,"Designed by Peter Homestead, the Kenzo Woven High Back Dining Chair exhibits simple, graceful lines and a wide frame. This outdoor dining chair features Tropitone’s desirable TropiKane® Bison Weave. The Kenzo Woven High Back Dining Chair delivers optimal comfort for relaxation long after the meal has ended."
381569WS,Kenzo,PADDED SLING,SWIVEL ROCKER,"Designed by Peter Homestead, the Kenzo Woven Swivel Rocker exhibits simple, graceful lines and a wide frame. This outdoor swivel chair features Tropitone’s desirable TropiKane® Bison Weave. The Kenzo Woven Swivel Rocker delivers optimal comfort for relaxation long after the meal has ended."
381570WS,Kenzo,PADDED SLING,HIGH BACK SWIVEL ROCKER,"Designed by Peter Homestead, the Kenzo Woven High Back Swivel Rocker exhibits simple, graceful lines and a wide frame. This woven outdoor chair features Tropitone’s desirable TropiKane® Bison Weave. The Kenzo Woven High Back Swivel Rocker delivers optimal comfort for relaxation long after the meal has ended."
381525NTWS,Kenzo,PADDED SLING,SWIVEL ACTION LOUNGER,"Designed by Peter Homestead, the Kenzo Woven Swivel Action Lounger exhibits simple, graceful lines and a wide frame. This outdoor swivel chair features Tropitone’s desirable TropiKane® Bison Weave. The Kenzo Swivel Woven Action Lounger delivers optimal comfort for relaxation all day long."
381517WS,Kenzo,PADDED SLING,OTTOMAN,"Designed by Peter Homestead, the Kenzo Woven Ottoman exhibits simple, graceful lines and a wide frame. This outdoor ottoman features Tropitone’s desirable TropiKane® Bison Weave. The Kenzo Ottoman delivers optimal comfort for your feet all day long."
381527WS-28,Kenzo,PADDED SLING,SWIVEL BAR STOOL,"Designed by Peter Homestead, the Kenzo Woven Swivel Bar Stool exhibits simple, graceful lines and a wide frame. This outdoor bar stool features Tropitone’s desirable TropiKane® Bison Weave. The Kenzo Woven Swivel Bar Stool delivers optimal comfort for relaxation all day long."
381532PS,Kenzo,PADDED SLING,CHAISE LOUNGE,"Designed by Peter Homestead, the Kenzo Padded Sling Chaise Lounge exhibits simple, graceful lines and a wide frame. This outdoor dining chair features two pieces of designer fabric slung across the seat and back to provide comfort with modern styling. The Kenzo Padded Sling Chaise Lounge delivers optimal comfort for relaxation all day long."
901611AC,KOR,CUSHION,ARM CHAIR,"Inspired by mid-century modern design, the contemporary KOR Cushion Arm Chair features an edgy design with arched, angled legs. The KOR Cushion Arm Chair utilizes reticulated foam fill with vented cushions. Providing comfort and style, these sculpted cushions are available in Tropitone’s variety of cushion fabrics. The KOR Cushion Arm Chair is sure to make a statement on the patio."
901650,KOR,CUSHION,LOUNGER,"Inspired by mid-century modern design, the contemporary KOR Cushion Lounger features an edgy design with arched, angled legs. The KOR Cushion Lounger utilizes reticulated foam fill with vented cushions. Providing comfort and style, these sculpted cushions are available in Tropitone’s variety of cushion fabrics. The KOR Cushion Lounger is sure to make a statement on the patio."
901652,KOR,CUSHION,LOUNGER OTTOMAN,"Inspired by mid-century modern design, the contemporary KOR Cushion Ottoman features an edgy design with arched, angled legs. The KOR Cushion Ottoman utilizes reticulated foam fill with vented cushions. Providing comfort and style, these sculpted cushions are available in Tropitone’s variety of cushion fabrics. The KOR Cushion Ottoman is sure to make a statement on the patio."
901650SD,KOR,CUSHION,LOUNGER W/ SHADE,"Inspired by mid-century modern design, the contemporary KOR Cushion Lounger with Shade features an edgy design with arched, angled legs. The KOR Cushion Lounger utilizes reticulated foam fill with vented cushions. Providing comfort and style, these sculpted cushions are available in Tropitone’s variety of cushion fabrics. This KOR Cushion Lounger has a canopy for increased comfort and protection from the sun and wind. The KOR Cushion Lounger with Shade is sure to make a statement on the patio."
901610MR,KOR,MODULAR,RIGHT ARM MODULE,"Inspired by mid-century modern design, the contemporary KOR Cushion Modular pieces feature an edgy design with arched, angled legs. Each KOR Cushion Module utilizes reticulated foam fill with vented cushions. Providing comfort and style, these sculpted cushions are available in Tropitone’s variety of cushion fabrics. The KOR Cushion Modular Furniture pairs together to make a statement on the patio."
901610MC,KOR,MODULAR,ARMLESS MODULE,"Inspired by mid-century modern design, the contemporary KOR Cushion Modular pieces feature an edgy design with arched, angled legs. Each KOR Cushion Module utilizes reticulated foam fill with vented cushions. Providing comfort and style, these sculpted cushions are available in Tropitone’s variety of cushion fabrics. The KOR Cushion Modular Furniture pairs together to make a statement on the patio."
901610ML,KOR,MODULAR,LEFT ARM MODULE,"Inspired by mid-century modern design, the contemporary KOR Cushion Modular pieces feature an edgy design with arched, angled legs. Each KOR Cushion Module utilizes reticulated foam fill with vented cushions. Providing comfort and style, these sculpted cushions are available in Tropitone’s variety of cushion fabrics. The KOR Cushion Modular Furniture pairs together to make a statement on the patio."
901610CC,KOR,MODULAR,CURVED CORNER MODULE,"Inspired by mid-century modern design, the contemporary KOR Cushion Modular pieces feature an edgy design with arched, angled legs. Each KOR Cushion Module utilizes reticulated foam fill with vented cushions. Providing comfort and style, these sculpted cushions are available in Tropitone’s variety of cushion fabrics. The KOR Cushion Modular Furniture pairs together to make a statement on the patio."
901710SC,KOR,MODULAR,SQUARE CORNER MODULE,"Inspired by mid-century modern design, the contemporary KOR Cushion Square Corner Module features an edgy design with arched, angled legs. The KOR Cushion Square Corner Module utilizes reticulated foam fill with vented cushions. Providing comfort and style, these sculpted cushions are available in Tropitone’s variety of cushion fabrics. Pair the KOR Cushion Square Corner Module with other KOR modular pieces to make a statement on the patio."
891814,KOR,SLING,LOVE SEAT TIGHT SLING,
891821,KOR,SLING,SOFA TIGHT SLING,
891732,KOR,SLING,TIGHT SLING,
891733,KOR,SLING,TIGHT SLING,
891524PS,KOR,PADDED SLING,DINING CHAIR 4,"Inspired by mid-century modern design, the contemporary KOR Padded Sling Dining Chair features an edgy design with a curved back and arms and arched, angled legs. The outdoor dining chair features two pieces of fabric slung across the seat and back frame and extra padding to create a modern look, while enhancing comfort. KOR Padded Sling Dining Chairs nest for easy storage. These patio chairs are sure to provide a fresh environment on your patio."
891528PS,KOR,PADDED SLING,SIDE CHAIR 4,"Inspired by mid-century modern design, the contemporary KOR Padded Sling Side Chair features an edgy design with a curved back and arched, angled legs. The outdoor dining chair features two pieces of fabric slung across the seat and back frame and extra padding to create a modern look, while enhancing comfort. KOR Padded Sling Side Chairs nest for easy storage. These patio chairs are sure to provide a fresh environment on your patio."
891513PS,KOR,PADDED SLING,SPA CHAIR 4,"Inspired by mid-century modern design, the contemporary KOR Padded Sling Spa Chair features an edgy design with a curved back and arms and arched, angled legs. The outdoor spa chair features two pieces of fabric slung across the seat and back frame and extra padding to create a modern look, while enhancing comfort. KOR Padded Sling Spa Chairs nest for easy storage and are sure to make a statement around the pool or at the beach."
891820PS,KOR,PADDED SLING,ARMLESS RECLINER,"Inspired by mid-century modern design, the contemporary KOR Padded Sling Armless Recliner features an edgy design. The outdoor recliner features two pieces of fabric slung across the seat and back frame and extra padding to create a modern look, while enhancing comfort. KOR Padded Sling Armless Recliners are sure to make a statement on the patio."
891511PS,KOR,PADDED SLING,LOUNGE CHAIR,"Inspired by mid-century modern design, the contemporary KOR Padded Sling Lounge Chair features an edgy design with a curved back and arms and arched, angled legs. The outdoor lounge chair features two pieces of fabric slung across the seat and back frame and extra padding to create a modern look, while enhancing comfort. KOR Padded Sling Lounge Chairs are sure to make a statement on the patio."
891517PS,KOR,PADDED SLING,OTTOMAN,"Inspired by mid-century modern design, the contemporary KOR Padded Sling Ottoman features an edgy design with arched, angled legs. The outdoor ottoman features two pieces of fabric slung across the seat and back frame and extra padding to create a modern look, while enhancing comfort. KOR Padded Sling Ottomans are sure to make a statement on the patio."
891814PS,KOR,PADDED SLING,LOVE SEAT,
891821PS,KOR,PADDED SLING,SOFA,
891526PS,KOR,PADDED SLING,BAR STOOL,"Inspired by mid-century modern design, the contemporary KOR Padded Sling Bar Stool features an edgy design with a curved back and arms and arched, angled legs. The outdoor bar stool features two pieces of fabric slung across the seat and back frame and extra padding to create a modern look, while enhancing comfort. KOR Padded Sling Bar Stools will provide a fresh environment on your patio."
891529PS,KOR,PADDED SLING,ARMLESS BAR STOOL,"Inspired by mid-century modern design, the contemporary KOR Padded Sling Bar Stool features an edgy design with a curved back and arms and arched, angled legs. The outdoor bar stool features two pieces of fabric slung across the seat and back frame and extra padding to create a modern look, while enhancing comfort. KOR Padded Sling Bar Stools will are sure to provide a fresh environment on your patio."
891532PS,KOR,PADDED SLING,CHAISE LOUNGE 4,"Inspired by mid-century modern design, the contemporary KOR Padded Sling Chaise Lounge features an edgy design with a curved back and arms and arched, angled legs. The outdoor chaise lounge features two pieces of fabric slung across the seat and back frame and extra padding to create a modern look, while enhancing comfort. KOR Padded Sling Chaise Lounges nest and are sure to make a statement around the pool or at the beach."
891533PS,KOR,PADDED SLING,ARMLESS CHAISE LOUNGE 4,"Inspired by mid-century modern design, the contemporary KOR Padded Sling Armless Chaise Lounge features an edgy design with a curved back and arched, angled legs. The outdoor chaise lounge features two pieces of fabric slung across the seat and back frame and extra padding to create a modern look, while enhancing comfort. KOR Padded Sling Armless Chaise Lounges nest and are sure to make a statement around the pool or at the beach."
732325NT,Lakeside,CUSHION,SWIVEL ACTION LOUNGER,"Lakeside deep, generously proportioned cushioned outdoor patio chairs truly bring the elegance and comfort of the indoors out, allowing yards or patios to become an elegant outdoor room. Designed by Peter Homestead, the Lakeside Cushion Swivel Lounger features clean lines and generous seating surfaces to provide an elegant, yet rustic, charm. Lakeside Cushion Swivel Loungers feature RELAXplus® Cushions offering plenty of plush relaxation to enhance any occasion."
731370,Lakeside,CUSHION,Swivel Rocker,"Anchor any outdoor dining set with a pair of swivel rockers. Designed by Peter Homestead, the Lakeside Cushion Swivel Rocker invites modern families to connect with nature. Lakeside Cushion Swivel Rockers feature RELAXplus® Cushions and will have guests rocking in relaxation. The ergonomically designed back of the dining chair adds another level of comfort to your outdoor dining experience. The all-aluminum swivel base means years of maintenance free enjoyment outdoors. The Lakeside Cushion Swivel Rocker invites you to relax and linger long after the meal is over."
732311,Lakeside,CUSHION,LOUNGE CHAIR,"Lakeside deep, generously proportioned cushioned outdoor patio chairs truly bring the elegance and comfort of the indoors out, allowing yards or patios to become an elegant outdoor room. Designed by Peter Homestead, the Lakeside Cushion Lounge Chair features clean lines and generous seating surfaces to provide an elegant, yet rustic, charm. Lakeside Cushion Lounge Chairs feature RELAXplus® Cushions offering plenty of plush relaxation to enhance any occasion."
732317,Lakeside,CUSHION,OTTOMAN,"Lakeside deep, generously proportioned cushioned outdoor patio furniture truly brings the elegance and comfort of the indoors out, allowing yards or patios to become an elegant outdoor room. Designed by Peter Homestead, the Lakeside Cushion Ottoman features clean lines and generous foot-resting surfaces to provide an elegant, yet rustic, charm. Lakeside Cushion Ottomans feature RELAXplus® Cushions offering plenty of plush relaxation to enhance any occasion. Sit back and relax your feet upon Tropitone's Lakeside Cushion Ottoman."
732314,Lakeside,CUSHION,LOVE SEAT,"Lakeside deep, generously proportioned cushioned outdoor patio furniture truly brings the elegance and comfort of the indoors out, allowing yards or patios to become an elegant outdoor room. Designed by Peter Homestead, the Lakeside Cushion Love Seat features clean lines and generous seating surfaces to provide an elegant, yet rustic, charm. The Lakeside Cushion Love Seat features RELAXplus® Cushions offering plenty of plush relaxation to enhance any occasion."
732321,Lakeside,CUSHION,SOFA,"Lakeside deep, generously proportioned cushioned outdoor patio furniture truly brings the elegance and comfort of the indoors out, allowing yards or patios to become an elegant outdoor room. Designed by Peter Homestead, the Lakeside Cushion Sofa features clean lines and generous seating surfaces to provide an elegant, yet rustic, charm. The Lakeside Cushion Sofa features RELAXplus® Cushions offering plenty of plush relaxation to enhance any occasion."
740501,Lakeside,SLING,HIGH BACK DINING CHAIR,"Dining al fresco has never been more alluring. Designed by Peter Homestead, the Lakeside Sling Dining Chair invites modern families to connect with nature. Lakeside Sling Dining Chair features your choice of Tropitone's durable sling fabric especially designed for comfort and ease of maintenance. The ergonomically designed high back of the dining chair adds another level of comfort to your outdoor dining experience. The Lakeside Sling Dining Chair invites you to relax and linger long after the meal is over."
740570,Lakeside,SLING,HIGH BACK SWIVEL ROCKER,"Anchor any outdoor dining set with a pair of swivel rockers. Designed by Peter Homestead, the Lakeside Sling Swivel Rocker invites modern families to connect with nature. Lakeside Sling Swivel Rockers feature Tropitone's durable sling fabric, which will have guests rocking in relaxation. The ergonomically designed back of the dining chair adds another level of comfort to your outdoor dining experience. The all-aluminum swivel base means years of maintenance free enjoyment outdoors. The Lakeside Sling Swivel Rocker invites you to relax and linger long after the meal is over."
740527-28,Lakeside,SLING,SWIVEL BAR STOOL,"Socializing al fresco has never been more alluring. Designed by Peter Homestead, the Lakeside Sling Bar Stool invites guests to connect with nature. Lakeside Sling Bar Stools feature your choice of Tropitone's durable sling fabric especially designed for comfort and ease of maintenance. The Lakeside Sling Bar Stool invites you to relax and linger long after the party is over."
740532,Lakeside,SLING,CHAISE LOUNGE,"Sling outdoor pieces have become a favorite for outdoor furniture sets. The Lakeside Sling Chaise Lounge combines an alluring sleek profile with the comfort of a lush fabric seating surface, perfect for lounging poolside. Designed by Peter Homestead, the Lakeside Sling Chaise Lounge features Tropitone's durable sling fabric especially designed for comfort and ease of maintenance. The Lakeside Sling Chaise Lounge invites you to relax and linger long after the pool party is over."
740501PS,Lakeside,PADDED SLING,HIGH BACK DINING CHAIR,"Dining al fresco has never been more alluring. Designed by Peter Homestead, the Lakeside Padded Sling Dining Chair invites modern families to connect with nature. Lakeside Padded Sling Dining Chair features your choice of Tropitone's durable fabric especially designed for comfort and ease of maintenance. The ergonomically designed high back of the outdoor dining chair adds another level of comfort to any outdoor dining experience. The Lakeside Padded Sling Dining Chair invites you to relax and linger long after the meal is over."
740570PS,Lakeside,PADDED SLING,HIGH BACK SWIVEL ROCKER,"Anchor any outdoor dining set with a pair of swivel rockers. Designed by Peter Homestead, the Lakeside Padded Sling Swivel Rocker invites modern families to connect with nature. Lakeside Padded Sling Swivel Rockers feature Tropitone's durable fabric, which will have guests rocking in relaxation. The ergonomically designed back of the dining chair adds another level of comfort to your outdoor dining experience. The all-aluminum swivel base means years of maintenance free enjoyment outdoors. The Lakeside Padded Sling Swivel Rocker invites you to relax and linger long after the meal is over."
740527PS-28,Lakeside,PADDED SLING,SWIVEL BAR STOOL,"Socializing al fresco has never been more alluring. Designed by Peter Homestead, the Lakeside Padded Sling Bar Stool invites modern families to connect with nature. Lakeside Padded Sling Bar Stools feature your choice of Tropitone's durable fabric especially designed for comfort and ease of maintenance. The Lakeside Padded Sling Bar Stool invites you to relax and linger long after the party is over."
741232PS,Lakeside,PADDED SLING,CHAISE LOUNGE,"The Tropitone® Lakeside Padded Sling Padded Chaise Lounge is perfect by the pool or on the patio. Designed by Peter Homestead, the Lakeside Padded Sling Chaise Lounges features durable sling fabric and extruded aluminum for comfort and ease of maintenance. So sit back, relax in the Lakeside Padded Sling Chaise Lounge and enjoy outdoors."
